RAM,Storage,Processor_Speed,Brand_Apple,Brand_Asus,Brand_Dell,Brand_HP,Brand_Lenovo,Brand_MSI,Brand_Samsung,Condition_Refurbished,Condition_Used,log_price
16.0,256.0,3.72,0,0,0,0,0,1,0,0,0,7.198520094893823
16.0,512.0,2.05,0,1,0,0,0,0,0,0,1,6.826556069484761
4.0,2048.0,3.36,0,0,0,0,0,0,0,0,1,7.171119043782712
8.0,256.0,2.81,0,0,0,0,0,1,0,0,0,6.9219145615400475
16.0,1024.0,3.5,0,0,0,0,0,0,1,0,0,7.404899740992248
8.0,128.0,3.51,0,0,0,1,0,0,0,0,0,7.108375064057467
4.0,1024.0,2.57,0,0,0,0,0,0,1,0,0,7.2201982543753775
64.0,512.0,4.07,0,1,0,0,0,0,0,0,1,7.619228507034589
4.0,256.0,2.1,0,0,0,0,0,1,0,0,0,6.9987744473692795
8.0,512.0,2.31,0,0,1,0,0,0,0,0,0,7.222945508850516
16.0,256.0,3.0948565356004263,0,0,1,0,0,0,0,0,0,7.270257212991381
32.0,512.0,4.01,0,1,0,0,0,0,0,0,1,7.2617165442231855
4.0,256.0,2.72,0,0,1,0,0,0,0,0,1,6.6458968865398145
64.0,1024.0,3.59,0,1,0,0,0,0,0,0,1,7.753675047379479
4.0,256.0,2.07,0,0,0,1,0,0,0,0,0,6.824319320740102
8.0,512.0,2.5,0,0,1,0,0,0,0,0,1,6.786999077846337
16.0,256.0,2.23,0,0,0,1,0,0,0,0,1,6.894305231257733
32.0,1024.0,3.0948565356004263,0,0,0,0,0,0,1,0,0,7.534463466985512
4.0,256.0,2.67,0,0,0,0,0,0,0,0,1,6.466051407286527
32.0,256.0,3.14,0,0,0,0,0,0,1,0,1,7.247073462053269
8.0,256.0,3.53,0,0,1,0,0,0,0,0,0,6.931735442719133
16.0,1024.0,3.0948565356004263,0,0,0,0,0,1,0,0,1,6.870510212952224
16.0,512.0,2.18,0,0,0,0,0,0,1,0,0,7.340018099475679
8.0,1024.0,3.76,0,0,0,0,0,0,0,0,0,7.226630739342211
4.0,512.0,3.49,0,0,0,0,0,0,1,0,1,6.918319282885614
32.0,256.0,3.0948565356004263,1,0,0,0,0,0,0,0,1,7.372991311277255
16.0,512.0,3.53,0,0,1,0,0,0,0,0,0,7.3664893951363055
16.0,1024.0,3.88,0,0,0,0,1,0,0,0,1,7.174349048010268
8.0,512.0,2.01,0,0,0,0,0,0,1,0,1,6.827596731266069
8.0,512.0,3.12,0,0,1,0,0,0,0,0,1,6.976861477380685
8.0,256.0,3.42,0,0,1,0,0,0,0,0,0,7.306444146811001
16.0,256.0,4.07,0,0,0,0,0,0,1,0,0,7.317916012034329
16.0,2048.0,2.73,0,0,0,0,1,0,0,0,1,7.278891157766674
8.0,256.0,3.07,0,1,0,0,0,0,0,0,1,6.877842314032383
16.0,512.0,2.21,0,0,0,0,0,0,0,0,0,7.125226774558891
8.0,512.0,3.22,0,0,1,0,0,0,0,0,1,6.825861692822635
32.0,1024.0,3.12,0,0,0,1,0,0,0,0,1,7.3840080913452795
4.0,1024.0,2.06,0,0,0,0,0,0,1,0,0,7.248063007832873
16.0,512.0,3.19,0,0,0,0,0,1,0,0,1,6.611005552669875
8.0,1024.0,2.6,0,0,1,0,0,0,0,0,1,7.4191167591514375
4.0,512.0,3.19,0,0,0,0,0,0,0,0,0,6.677813673166928
8.0,256.0,3.64,0,0,1,0,0,0,0,0,0,7.099672318199454
32.0,512.0,2.9,0,0,0,0,0,0,0,1,0,7.398045487028081
8.0,1024.0,3.4,0,0,0,0,0,0,1,0,1,6.945147398199199
16.0,256.0,2.55,0,1,0,0,0,0,0,0,1,6.652346767080652
4.0,1024.0,3.55,0,0,0,0,0,1,0,0,0,7.1340857466794105
32.0,256.0,3.02,0,0,0,0,0,0,1,0,0,7.393275402380406
16.0,256.0,2.16,0,0,0,0,0,0,1,0,0,7.2600375894169655
32.0,512.0,2.85,0,0,0,0,0,0,1,0,0,7.549198554549745
32.0,512.0,2.45,0,0,0,0,1,0,0,0,0,7.532259526819419
4.0,128.0,3.5,0,0,0,0,0,0,0,0,1,6.561893094463894
16.0,256.0,4.06,1,0,0,0,0,0,0,0,1,7.471220790072307
16.0,256.0,3.25,0,0,1,0,0,0,0,1,0,7.1058927685859326
8.0,1024.0,3.89,0,0,0,0,0,0,1,0,1,7.047734589035578
8.0,256.0,3.18,0,0,1,0,0,0,0,0,1,6.736290572721267
4.0,1024.0,2.2,1,0,0,0,0,0,0,1,0,7.434227848324306
16.0,512.0,2.99,1,0,0,0,0,0,0,0,1,7.449870245575129
16.0,256.0,4.05,0,0,0,0,0,1,0,0,0,7.386099032502874
8.0,1024.0,2.77,0,0,0,1,0,0,0,1,0,7.0119441084837515
32.0,256.0,2.49,0,1,0,0,0,0,0,0,1,7.143111945655233
4.0,128.0,3.0948565356004263,0,0,0,1,0,0,0,0,0,7.026773107523461
16.0,256.0,2.18,0,1,0,0,0,0,0,0,0,7.171295774495512
8.0,256.0,2.96,0,0,0,0,1,0,0,0,1,7.161171940466025
8.0,512.0,3.64,0,0,0,0,0,0,1,0,0,7.105129638402384
16.0,128.0,3.16,0,0,0,0,0,1,0,1,0,6.988865109385321
32.0,512.0,4.18,0,0,0,0,0,1,0,0,0,7.577173132842845
4.0,256.0,3.0948565356004263,1,0,0,0,0,0,0,0,1,7.169996458951965
8.0,512.0,3.96,0,0,0,0,1,0,0,0,0,7.539133433144451
8.0,512.0,2.85,0,0,0,0,0,0,1,0,1,6.637651138804425
16.0,512.0,2.68,0,0,0,0,1,0,0,0,1,6.97344001796098
8.0,128.0,4.07,0,1,0,0,0,0,0,0,1,6.884466181004184
4.0,256.0,3.78,0,1,0,0,0,0,0,0,0,7.006205976738944
8.0,1024.0,3.25,0,0,0,0,0,1,0,0,1,6.948542072882858
64.0,2048.0,3.22,0,1,0,0,0,0,0,0,1,7.75388531487054
8.0,512.0,2.45,0,0,0,1,0,0,0,1,0,6.821619881846465
16.0,512.0,2.25,0,0,0,0,0,0,1,0,1,6.828268250223805
32.0,256.0,3.8,0,0,0,0,0,0,0,0,1,7.27137703783149
16.0,512.0,3.36,0,0,0,0,0,1,0,0,1,6.955869023955487
16.0,2048.0,3.34,0,0,0,0,0,0,0,0,0,7.610922094924329
16.0,512.0,2.87,0,0,1,0,0,0,0,1,0,7.041437910169532
8.0,1024.0,3.08,0,1,0,0,0,0,0,0,0,7.278256202054206
8.0,512.0,2.75,0,1,0,0,0,0,0,0,1,6.917339206083985
8.0,512.0,2.4,0,0,0,0,0,1,0,0,0,6.992133191445965
8.0,256.0,3.0948565356004263,0,0,0,0,0,0,1,0,0,6.9489356092924535
4.0,512.0,3.18,0,1,0,0,0,0,0,0,0,6.899158431756619
16.0,512.0,3.38,0,0,0,0,1,0,0,1,0,6.820485686839662
8.0,1024.0,3.0948565356004263,0,0,1,0,0,0,0,1,0,7.199230149672614
16.0,512.0,3.59,0,0,0,1,0,0,0,0,0,7.1924604247814665
16.0,1024.0,3.13,0,0,0,0,1,0,0,0,0,7.240527823030186
8.0,256.0,2.04,0,0,0,0,0,0,1,0,1,6.435076073572642
16.0,256.0,2.75,0,0,0,1,0,0,0,0,1,6.768171320766858
16.0,512.0,3.64,1,0,0,0,0,0,0,0,1,7.511256706538113
8.0,1024.0,3.34,0,0,1,0,0,0,0,0,0,7.336930403269758
8.0,256.0,2.54,0,1,0,0,0,0,0,1,0,6.834980264199725
32.0,128.0,3.85,0,0,0,0,0,0,0,0,1,7.272440058368682
32.0,1024.0,2.57,0,0,0,0,1,0,0,0,1,7.2996014016123
16.0,512.0,3.84,0,0,0,0,0,1,0,0,0,7.297389063717582
8.0,256.0,3.34,1,0,0,0,0,0,0,0,1,7.3180818841738295
8.0,512.0,2.81,1,0,0,0,0,0,0,0,1,7.0252982858339115
4.0,256.0,3.04,0,1,0,0,0,0,0,0,0,6.871537253247495
32.0,2048.0,2.27,0,1,0,0,0,0,0,1,0,7.619778186810889
16.0,1024.0,2.31,0,0,0,0,0,0,1,0,1,7.003356325571526
32.0,256.0,2.52,0,0,0,0,0,0,0,1,0,7.125299181485852
16.0,512.0,3.98,0,0,0,0,0,0,1,0,0,7.470856414602131
16.0,256.0,3.98,0,0,0,0,0,1,0,0,1,7.076890273971916
32.0,512.0,2.74,0,0,0,0,0,0,0,0,1,7.1024664334220144
16.0,1024.0,3.73,0,0,1,0,0,0,0,0,0,7.40280511683239
16.0,512.0,3.93,1,0,0,0,0,0,0,0,0,7.76170666974866
8.0,512.0,3.33,0,0,0,0,0,1,0,0,1,6.938701467872151
4.0,512.0,3.24,0,0,0,1,0,0,0,0,0,6.940164384180079
8.0,1024.0,3.28,1,0,0,0,0,0,0,1,0,7.473466736232399
32.0,1024.0,3.24,0,0,0,0,0,0,1,0,1,7.32099673940191
16.0,512.0,2.82,0,0,0,0,0,0,1,0,1,6.890792216303676
8.0,1024.0,3.91,1,0,0,0,0,0,0,0,1,7.421189497404677
4.0,256.0,3.77,0,0,1,0,0,0,0,0,1,6.76596127336425
32.0,512.0,3.06,0,0,0,0,1,0,0,0,1,7.011781905405142
16.0,256.0,2.39,0,0,0,0,1,0,0,0,1,7.028103909572345
16.0,128.0,3.46,0,0,0,0,1,0,0,1,0,6.808785410679621
8.0,128.0,4.19,1,0,0,0,0,0,0,0,0,7.589846567781607
16.0,256.0,3.03,0,0,0,0,1,0,0,0,0,7.204966801650047
16.0,128.0,3.71,0,0,0,0,0,0,1,0,1,6.834173322304168
8.0,256.0,3.9,0,0,0,0,1,0,0,0,0,6.534108554260492
16.0,256.0,2.06,0,0,0,0,1,0,0,0,1,6.873857175576372
8.0,256.0,3.11,0,0,0,0,0,1,0,0,1,6.661407070023333
16.0,256.0,2.22,0,0,0,0,1,0,0,1,0,6.808277426482467
16.0,128.0,3.39,0,0,0,0,0,1,0,0,0,6.99842744709185
8.0,512.0,2.93,0,0,0,0,0,0,1,1,0,6.801071666194987
8.0,128.0,3.83,0,0,0,1,0,0,0,0,1,6.744800960598728
8.0,256.0,4.09,0,0,1,0,0,0,0,0,0,7.071012935553865
16.0,256.0,2.05,0,0,0,0,0,1,0,0,1,6.799078158354267
8.0,256.0,3.84,0,0,1,0,0,0,0,0,1,7.0634162463222685
32.0,512.0,3.79,0,0,0,0,1,0,0,0,0,7.408045600832745
16.0,1024.0,2.45,0,1,0,0,0,0,0,0,0,7.419416553494765
16.0,512.0,3.84,0,0,1,0,0,0,0,0,0,7.386508022860121
16.0,256.0,3.0948565356004263,0,0,0,0,0,0,0,0,0,6.855851271831715
16.0,1024.0,3.59,0,0,0,0,0,0,1,0,1,7.094201650353042
16.0,512.0,2.74,0,0,1,0,0,0,0,0,1,6.7939592845032095
8.0,256.0,3.55,0,0,1,0,0,0,0,0,1,6.7670899286568735
8.0,2048.0,2.98,0,0,1,0,0,0,0,0,1,7.337815433945681
16.0,512.0,3.87,0,0,1,0,0,0,0,1,0,7.231692132093089
16.0,128.0,3.47,0,0,0,0,0,1,0,0,1,6.7941833640972185
16.0,256.0,3.61,0,0,0,1,0,0,0,1,0,6.670931072799508
32.0,512.0,3.9,0,0,0,0,1,0,0,0,1,7.591124813777986
8.0,256.0,2.17,0,0,0,0,0,0,1,0,1,6.695638211933507
8.0,512.0,3.77,0,0,0,0,0,1,0,0,1,6.789512137493297
16.0,256.0,2.05,0,1,0,0,0,0,0,1,0,7.025911578300305
8.0,256.0,4.05,0,0,0,0,0,1,0,1,0,6.937081044363964
32.0,2048.0,3.69,0,0,0,0,0,0,1,0,1,7.782544618931211
16.0,128.0,3.03,0,1,0,0,0,0,0,0,0,7.01556878360103
16.0,128.0,2.92,0,1,0,0,0,0,0,1,0,6.9980529169629175
8.0,128.0,2.84,0,1,0,0,0,0,0,0,0,7.047108442166292
8.0,128.0,4.13,0,0,0,0,0,0,1,0,1,6.897906942927323
16.0,512.0,2.2,0,0,1,0,0,0,0,0,0,7.1678246043980165
16.0,256.0,2.56,0,1,0,0,0,0,0,0,1,6.8713194843409235
4.0,256.0,3.5,0,0,0,1,0,0,0,1,0,6.173786103901937
16.0,512.0,3.46,0,1,0,0,0,0,0,1,0,7.228635155537356
16.0,1024.0,2.54,0,0,0,0,0,0,0,1,0,6.992197525246507
16.0,512.0,3.66,0,1,0,0,0,0,0,1,0,7.018992492972695
4.0,1024.0,2.28,0,0,1,0,0,0,0,0,0,7.2250738205622245
16.0,256.0,2.42,0,0,0,0,0,0,0,0,1,6.683611227334344
16.0,256.0,3.39,0,0,1,0,0,0,0,0,1,7.072141963139724
16.0,1024.0,2.23,1,0,0,0,0,0,0,0,0,7.70447838376344
32.0,256.0,3.7,0,0,0,1,0,0,0,0,1,7.064126349060336
8.0,512.0,2.05,0,0,0,0,1,0,0,0,1,6.975011977526022
32.0,256.0,2.0,0,0,0,0,0,1,0,0,0,7.379675819778399
16.0,256.0,2.18,0,0,1,0,0,0,0,0,1,6.877739272238541
64.0,256.0,3.0948565356004263,0,0,0,0,1,0,0,1,0,7.616165386207995
8.0,256.0,2.71,0,0,1,0,0,0,0,0,0,7.241953503424983
16.0,256.0,3.0948565356004263,0,0,1,0,0,0,0,1,0,7.121866158265499
16.0,512.0,2.29,0,0,0,1,0,0,0,1,0,6.837997829565674
8.0,512.0,2.0,0,0,0,0,1,0,0,0,1,6.497694627521615
8.0,512.0,2.72,0,0,1,0,0,0,0,0,1,6.681419136768763
16.0,128.0,2.16,0,0,0,0,0,0,1,0,1,6.919150110596011
16.0,512.0,2.09,0,0,1,0,0,0,0,0,0,7.446911766916189
8.0,128.0,2.17,0,0,1,0,0,0,0,1,0,6.454805404302229
16.0,1024.0,2.09,0,0,0,0,0,0,0,0,0,7.411314566756082
16.0,512.0,3.92,0,0,0,0,0,1,0,0,1,7.121559352834251
16.0,512.0,3.45,0,0,0,0,0,0,0,0,1,7.1954648510557995
8.0,256.0,3.59,0,0,1,0,0,0,0,0,0,7.021530293240982
32.0,256.0,4.15,0,0,1,0,0,0,0,0,1,7.285150076495209
8.0,128.0,3.44,0,0,0,0,1,0,0,1,0,6.858134269756521
16.0,256.0,3.5,0,0,0,0,1,0,0,0,1,6.992684489767442
64.0,256.0,3.86,0,0,0,0,0,0,0,0,0,7.785459016860602
64.0,128.0,3.91,0,0,0,0,0,0,0,0,1,7.632270304091073
32.0,256.0,2.61,0,0,0,0,0,1,0,0,0,7.3108041369743555
8.0,2048.0,2.4,0,0,0,1,0,0,0,0,0,7.27402900684014
4.0,512.0,3.3,0,0,0,0,0,0,0,0,1,6.695094095182309
8.0,1024.0,2.02,0,0,1,0,0,0,0,0,1,6.867433159503533
16.0,512.0,3.29,0,0,0,0,0,0,0,0,1,6.8959660584071605
8.0,128.0,3.62,0,0,0,0,0,0,0,0,1,6.670221178619984
16.0,1024.0,2.09,0,0,1,0,0,0,0,0,1,7.169519363377596
16.0,256.0,3.15,0,0,1,0,0,0,0,0,1,6.896026768103529
8.0,256.0,3.0948565356004263,0,0,0,0,0,1,0,0,1,6.8769661201622565
8.0,512.0,3.0948565356004263,0,0,0,0,0,1,0,0,0,7.4048936583226865
32.0,512.0,3.0948565356004263,0,0,0,0,0,0,1,0,1,7.058895718292517
8.0,512.0,2.87,0,0,1,0,0,0,0,0,1,6.949242652088955
4.0,256.0,2.24,0,0,1,0,0,0,0,0,1,6.548491272024683
16.0,256.0,3.39,0,0,0,0,0,0,0,0,0,7.22567796002763
8.0,256.0,2.52,0,0,0,0,1,0,0,0,1,6.722774188762276
16.0,512.0,3.1,0,0,1,0,0,0,0,1,0,7.145882019598358
16.0,128.0,2.75,0,0,0,1,0,0,0,0,0,7.309152122914347
8.0,512.0,3.64,0,0,0,0,0,1,0,0,1,7.217964205828029
8.0,128.0,3.42,0,1,0,0,0,0,0,1,0,6.811893947321527
8.0,512.0,3.15,0,0,0,1,0,0,0,1,0,6.9883117008357925
16.0,128.0,3.58,0,0,0,0,1,0,0,0,0,7.171480155858151
16.0,256.0,3.16,0,0,0,0,0,1,0,0,1,6.929272122444386
16.0,512.0,3.31,0,0,0,0,0,1,0,0,0,7.206903859042666
8.0,1024.0,3.98,0,0,0,0,0,0,1,0,1,7.413717093581926
8.0,512.0,2.21,1,0,0,0,0,0,0,0,0,7.417982723874814
8.0,256.0,3.91,0,0,0,1,0,0,0,0,0,6.896593214275945
16.0,512.0,2.51,0,0,0,0,1,0,0,0,1,6.8927431588616335
64.0,256.0,3.53,0,0,1,0,0,0,0,0,1,7.616711830273844
8.0,1024.0,3.33,0,0,0,0,0,1,0,1,0,7.210027889951384
8.0,512.0,3.31,0,0,0,0,0,0,0,0,0,7.173521442730726
16.0,128.0,3.76,0,1,0,0,0,0,0,0,1,6.88413858738114
16.0,512.0,2.51,0,0,0,0,0,0,0,0,0,7.228954329170521
16.0,512.0,3.02,0,0,0,0,0,0,0,0,0,7.225306785036196
16.0,512.0,2.38,0,1,0,0,0,0,0,0,0,6.802539197337661
8.0,256.0,3.0948565356004263,0,0,0,0,0,1,0,0,0,7.134157515011267
4.0,256.0,3.73,0,1,0,0,0,0,0,0,1,6.749322109036683
8.0,256.0,2.75,0,0,0,0,0,0,0,0,0,7.012295458256061
16.0,256.0,2.87,0,0,1,0,0,0,0,0,1,6.978223062251763
8.0,1024.0,3.91,0,1,0,0,0,0,0,0,1,6.984197667122532
8.0,512.0,2.76,0,0,0,0,1,0,0,0,1,6.80550104494338
16.0,512.0,2.69,0,0,1,0,0,0,0,0,1,6.919179770251466
8.0,256.0,2.81,0,0,0,0,1,0,0,0,0,6.9767308169855315
16.0,256.0,3.36,0,0,0,0,0,1,0,0,0,7.334009455797709
16.0,256.0,2.47,0,0,0,0,1,0,0,0,1,6.8647120693891726
16.0,256.0,2.39,0,0,1,0,0,0,0,0,1,6.7769857830927895
8.0,256.0,2.49,0,0,0,0,0,1,0,0,1,6.713259921256474
32.0,256.0,3.0948565356004263,0,1,0,0,0,0,0,0,1,7.200954603369883
16.0,512.0,2.02,0,0,0,0,0,1,0,0,0,7.116110012822907
16.0,256.0,3.84,0,0,0,0,0,1,0,1,0,7.060201650157271
64.0,512.0,2.24,0,1,0,0,0,0,0,0,1,7.495719705861437
8.0,512.0,3.78,0,0,1,0,0,0,0,0,0,7.63064571079128
16.0,1024.0,4.1,0,0,0,1,0,0,0,0,1,7.033453572835001
8.0,1024.0,2.56,0,1,0,0,0,0,0,0,1,7.148298572976216
8.0,512.0,2.5,0,0,0,1,0,0,0,0,0,7.142186879866112
4.0,128.0,3.58,0,0,0,0,0,0,1,0,1,6.6319095465285285
4.0,512.0,2.85,0,0,0,0,0,0,1,0,0,6.973168417530369
16.0,512.0,2.58,0,1,0,0,0,0,0,1,0,7.000626122386744
8.0,2048.0,3.47,0,0,0,0,0,0,1,0,0,7.558120211646641
16.0,128.0,4.13,0,0,1,0,0,0,0,0,0,7.194969742121723
8.0,512.0,4.02,0,0,0,0,0,0,1,0,0,7.173207079792294
4.0,256.0,3.21,0,0,0,0,0,1,0,0,1,6.671108467630181
16.0,256.0,2.43,1,0,0,0,0,0,0,0,1,6.81667016102037
32.0,1024.0,2.55,0,0,0,0,0,1,0,0,0,7.683339222254487
16.0,512.0,2.4,0,0,0,0,0,0,1,0,0,7.277081852474297
64.0,512.0,2.33,0,0,0,0,1,0,0,0,1,7.493974048712094
16.0,512.0,2.65,0,1,0,0,0,0,0,0,0,7.291819683550217
8.0,256.0,3.23,0,0,0,0,0,0,1,0,1,6.769377877687473
8.0,256.0,3.94,0,0,1,0,0,0,0,0,0,7.086997098249169
8.0,256.0,3.72,0,0,0,0,1,0,0,0,1,6.776107824916138
32.0,1024.0,2.02,0,0,0,1,0,0,0,1,0,7.37126285448417
8.0,1024.0,4.19,0,0,0,0,0,1,0,0,0,7.400302872662767
16.0,256.0,2.3,1,0,0,0,0,0,0,0,0,7.704171790195896
8.0,1024.0,3.12,1,0,0,0,0,0,0,0,0,7.719511820364436
16.0,512.0,3.33,0,0,0,1,0,0,0,0,1,7.003837887659182
16.0,256.0,3.53,0,0,1,0,0,0,0,0,1,6.934776884678421
16.0,512.0,2.97,0,1,0,0,0,0,0,0,0,7.064767574763823
4.0,1024.0,3.69,1,0,0,0,0,0,0,1,0,7.47218233134331
8.0,512.0,3.73,0,0,1,0,0,0,0,0,1,6.922939414307177
4.0,1024.0,2.6,0,0,0,0,1,0,0,1,0,7.014158251093376
16.0,512.0,2.96,0,1,0,0,0,0,0,0,1,6.879818660289114
4.0,1024.0,4.0,1,0,0,0,0,0,0,0,0,7.587188856454321
8.0,1024.0,3.04,1,0,0,0,0,0,0,0,0,7.562151236161228
8.0,512.0,3.0948565356004263,0,0,0,1,0,0,0,0,1,6.684761716419052
32.0,256.0,2.34,0,0,0,1,0,0,0,0,1,7.324371317067836
32.0,256.0,3.17,0,0,0,1,0,0,0,0,1,7.205330749973403
32.0,256.0,3.82,0,0,1,0,0,0,0,0,1,7.215761901328329
8.0,512.0,2.42,0,0,0,1,0,0,0,0,1,6.520606399909744
32.0,512.0,3.15,0,0,1,0,0,0,0,0,0,7.61002076118661
16.0,512.0,3.21,0,0,0,1,0,0,0,0,0,7.280421675338915
32.0,1024.0,3.47,0,1,0,0,0,0,0,1,0,7.503251041176382
16.0,256.0,3.73,0,1,0,0,0,0,0,0,0,7.140833319439877
16.0,512.0,3.66,1,0,0,0,0,0,0,0,1,7.353472619326849
8.0,1024.0,3.23,1,0,0,0,0,0,0,0,1,7.390644284055105
32.0,512.0,3.1,0,0,0,0,1,0,0,0,1,7.197016104547132
4.0,256.0,2.43,0,0,0,1,0,0,0,0,1,6.832341839692263
16.0,512.0,2.87,0,0,1,0,0,0,0,0,1,7.150167981986383
16.0,256.0,3.89,0,0,0,0,0,0,0,1,0,6.999586687599746
16.0,1024.0,2.69,0,1,0,0,0,0,0,1,0,7.148377189946515
16.0,2048.0,2.92,0,0,0,0,1,0,0,0,1,7.360288434346611
16.0,512.0,3.96,0,0,0,0,1,0,0,1,0,7.101033261006602
8.0,512.0,2.24,0,1,0,0,0,0,0,0,0,7.1713572387271896
8.0,512.0,3.82,0,0,1,0,0,0,0,0,1,7.052539371830329
8.0,512.0,3.58,0,1,0,0,0,0,0,0,0,6.794272981877445
16.0,512.0,2.78,0,0,0,0,1,0,0,0,1,7.04628167577642
8.0,128.0,3.63,0,0,0,0,0,1,0,0,0,7.180184109971104
32.0,256.0,3.0948565356004263,0,0,1,0,0,0,0,1,0,7.299587885359005
16.0,128.0,3.68,0,0,0,0,0,0,0,0,1,6.793140967611987
16.0,512.0,2.57,0,0,1,0,0,0,0,1,0,7.016959398521683
8.0,256.0,2.83,0,0,0,0,0,1,0,0,0,7.075259262425668
16.0,128.0,2.93,0,0,0,0,0,0,0,1,0,6.996141543713637
16.0,2048.0,3.82,0,0,0,0,0,0,1,0,1,7.36593933142253
8.0,1024.0,2.62,0,0,1,0,0,0,0,0,0,7.281055257994437
16.0,128.0,2.53,0,1,0,0,0,0,0,0,1,6.739857201893906
4.0,1024.0,3.87,0,0,1,0,0,0,0,0,1,7.208370851970792
8.0,256.0,3.07,0,1,0,0,0,0,0,0,0,7.162575776036773
16.0,1024.0,3.93,0,0,1,0,0,0,0,0,0,7.369600720526409
16.0,512.0,2.75,1,0,0,0,0,0,0,0,1,7.31809515275648
16.0,512.0,3.55,0,1,0,0,0,0,0,0,1,6.978633039615574
64.0,256.0,2.6,0,1,0,0,0,0,0,0,1,7.41722598526185
16.0,128.0,2.56,0,0,0,0,0,0,1,0,0,7.102482894733817
16.0,256.0,3.04,0,0,0,0,0,0,1,0,1,6.717248312944194
4.0,512.0,2.08,0,0,1,0,0,0,0,0,0,6.94726441207685
8.0,128.0,2.61,0,0,0,0,0,0,0,0,0,6.952011370236675
16.0,1024.0,3.26,0,0,0,0,0,0,1,0,1,7.112197036860174
16.0,1024.0,3.48,1,0,0,0,0,0,0,0,1,7.523616365582009
32.0,2048.0,3.81,0,0,1,0,0,0,0,0,1,7.612094593296196
16.0,512.0,2.25,0,0,1,0,0,0,0,0,1,6.852792100906851
8.0,256.0,3.65,0,1,0,0,0,0,0,0,1,6.772645498501476
16.0,512.0,3.95,0,0,0,0,0,1,0,0,0,7.257425748767987
32.0,512.0,3.92,0,0,0,0,1,0,0,0,1,7.212264969540177
16.0,512.0,2.99,0,0,1,0,0,0,0,0,1,7.283880827480002
32.0,256.0,3.03,0,1,0,0,0,0,0,0,0,7.397224468919565
4.0,512.0,3.9,0,0,0,0,1,0,0,0,0,7.362543742421392
16.0,512.0,3.67,0,0,0,0,1,0,0,0,1,6.926459263775909
16.0,256.0,2.37,0,0,1,0,0,0,0,0,1,7.254913078229027
16.0,1024.0,2.75,0,0,1,0,0,0,0,0,1,7.0913094091786375
16.0,512.0,2.8,0,0,1,0,0,0,0,0,1,7.0962825404975955
8.0,256.0,4.14,0,0,1,0,0,0,0,0,1,6.81303792342279
32.0,256.0,2.87,0,0,0,0,0,0,0,0,0,7.438177626494685
8.0,1024.0,2.81,0,0,0,0,0,0,0,0,0,7.321115802770221
16.0,512.0,3.05,0,0,0,0,0,0,1,0,1,7.401219054326262
8.0,256.0,2.43,0,0,0,0,1,0,0,0,1,6.676554354040194
8.0,1024.0,3.2,1,0,0,0,0,0,0,0,1,7.426977552015372
64.0,1024.0,3.37,0,1,0,0,0,0,0,0,1,7.6655565989955985
16.0,256.0,3.0948565356004263,0,1,0,0,0,0,0,0,1,6.955802309953623
16.0,512.0,3.0948565356004263,0,0,0,1,0,0,0,0,1,7.033277181103788
4.0,512.0,3.03,1,0,0,0,0,0,0,1,0,7.1105573378384115
16.0,1024.0,3.3,1,0,0,0,0,0,0,0,1,7.5287617817644
16.0,256.0,3.33,0,0,1,0,0,0,0,0,0,7.191632622624053
16.0,1024.0,3.05,0,0,0,0,0,1,0,0,0,7.364021226908669
16.0,256.0,2.53,0,0,1,0,0,0,0,0,1,6.940890203540996
16.0,512.0,3.52,0,0,0,0,0,0,0,0,1,7.0723540441215205
32.0,256.0,3.61,0,0,0,0,0,0,1,0,1,7.111300022227617
4.0,256.0,3.39,0,0,0,0,0,1,0,0,0,7.179300347523768
32.0,1024.0,3.95,0,1,0,0,0,0,0,0,1,7.517933808802317
8.0,256.0,2.15,0,0,0,0,0,0,0,0,1,6.602791399295829
16.0,512.0,2.01,1,0,0,0,0,0,0,0,1,7.322741582973938
16.0,512.0,3.0948565356004263,0,0,0,1,0,0,0,0,1,7.00420117725039
8.0,1024.0,3.0948565356004263,0,0,1,0,0,0,0,0,0,7.182580049431362
8.0,128.0,2.47,0,0,1,0,0,0,0,0,1,6.657073507674455
32.0,512.0,2.99,0,0,0,0,0,1,0,0,1,7.250685191289195
16.0,256.0,2.67,0,0,0,0,0,0,0,0,0,7.180678980458373
8.0,512.0,2.63,0,0,0,0,0,0,1,0,1,6.781556933724406
16.0,1024.0,3.28,0,0,0,0,0,0,1,0,0,7.38277754378285
4.0,1024.0,3.82,0,0,1,0,0,0,0,0,0,7.2290558630575426
32.0,256.0,4.0,0,0,0,1,0,0,0,0,1,7.21868257559943
16.0,512.0,4.05,0,0,0,1,0,0,0,0,1,6.682171252128567
16.0,2048.0,3.67,0,0,0,0,1,0,0,0,1,7.245783447370617
8.0,512.0,3.4,0,0,1,0,0,0,0,0,0,6.909523714378098
8.0,512.0,2.46,0,0,0,0,0,0,1,0,0,7.023206709670119
16.0,256.0,3.81,0,0,0,0,0,1,0,0,0,7.167577854554839
8.0,512.0,3.34,0,0,0,0,0,0,0,0,0,7.280111624522548
8.0,512.0,4.14,0,0,0,0,0,1,0,0,0,7.488662781051849
8.0,256.0,2.13,0,1,0,0,0,0,0,0,1,6.58849997669125
16.0,256.0,4.0,0,0,1,0,0,0,0,0,0,7.1618624705334595
16.0,128.0,3.02,1,0,0,0,0,0,0,0,0,7.580985425701724
16.0,512.0,2.59,0,0,0,0,0,0,0,0,1,6.856251436115022
16.0,1024.0,2.26,0,0,0,1,0,0,0,0,0,7.4801688251474205
8.0,512.0,3.26,0,0,0,1,0,0,0,0,1,6.91455212798241
8.0,256.0,3.98,0,0,0,0,0,0,1,0,0,7.107622014991841
16.0,512.0,3.04,0,0,0,1,0,0,0,0,1,7.053222653511665
16.0,512.0,2.45,0,0,0,0,0,1,0,0,0,7.1360694396265645
16.0,512.0,3.27,0,0,1,0,0,0,0,1,0,7.101107441008533
16.0,1024.0,4.08,1,0,0,0,0,0,0,0,1,7.737786351256335
16.0,512.0,4.05,0,0,1,0,0,0,0,0,1,7.00445540145935
16.0,256.0,3.1,0,0,0,0,0,0,0,1,0,7.029769351166337
32.0,512.0,3.0948565356004263,0,0,0,0,0,0,0,0,1,7.188057688580641
32.0,512.0,2.3,1,0,0,0,0,0,0,0,1,7.443552500808678
8.0,2048.0,2.43,0,0,0,0,0,1,0,0,1,7.153653957417233
32.0,256.0,2.47,0,0,1,0,0,0,0,1,0,7.254616222774248
8.0,256.0,3.01,0,0,0,0,0,0,1,0,0,6.982306010246433
16.0,512.0,2.03,0,0,0,1,0,0,0,0,1,6.722942621972891
8.0,512.0,3.78,1,0,0,0,0,0,0,0,0,7.657476536023538
16.0,128.0,3.98,0,0,0,0,1,0,0,1,0,7.132880864767657
4.0,128.0,2.98,0,1,0,0,0,0,0,0,0,6.471433977384251
8.0,512.0,2.79,0,1,0,0,0,0,0,0,1,6.670107041465045
16.0,256.0,4.1,0,0,0,0,1,0,0,0,1,6.777019973659616
8.0,512.0,3.24,0,1,0,0,0,0,0,0,1,6.743870711542849
32.0,1024.0,3.96,0,0,0,0,0,1,0,0,1,7.43791283104762
32.0,512.0,2.45,0,0,0,1,0,0,0,0,0,7.505409763082606
8.0,256.0,3.93,0,0,1,0,0,0,0,0,1,6.949568781795548
32.0,512.0,3.53,0,0,0,0,1,0,0,0,1,7.132377736175746
8.0,512.0,2.86,0,0,0,0,0,0,1,0,1,6.955907144244063
8.0,512.0,2.12,0,1,0,0,0,0,0,0,0,6.964825355587133
32.0,128.0,2.42,0,0,0,0,1,0,0,0,0,7.353274086547475
16.0,1024.0,2.93,1,0,0,0,0,0,0,1,0,7.690016208331902
8.0,256.0,4.2,0,0,0,0,0,0,0,1,0,7.127741852281125
8.0,512.0,3.45,0,0,0,0,0,0,0,0,1,6.683185711389848
16.0,256.0,3.38,0,0,0,0,0,1,0,0,0,7.335438395656734
16.0,256.0,3.23,1,0,0,0,0,0,0,0,1,7.053456073153691
16.0,512.0,4.03,0,0,0,0,0,1,0,0,1,7.062628554816863
8.0,1024.0,2.43,0,0,1,0,0,0,0,0,0,7.291778817461572
8.0,512.0,2.69,0,0,0,0,0,1,0,0,0,7.251422994513663
16.0,256.0,2.06,0,0,0,0,0,0,1,0,0,6.982361698318991
16.0,512.0,3.18,0,0,0,0,1,0,0,0,1,6.963350805483009
16.0,256.0,4.12,0,0,0,0,1,0,0,1,0,7.1674544567974365
8.0,1024.0,3.1,0,0,0,0,0,1,0,1,0,7.098755731635529
16.0,256.0,2.36,0,0,0,0,1,0,0,0,1,6.734627331155987
16.0,256.0,3.61,1,0,0,0,0,0,0,0,0,7.562764360150985
8.0,256.0,3.51,0,0,1,0,0,0,0,0,0,7.176659648723048
16.0,512.0,2.26,0,1,0,0,0,0,0,0,1,6.900418430008119
64.0,256.0,4.07,0,0,0,0,0,0,1,1,0,7.686176077502727
8.0,512.0,2.16,0,0,1,0,0,0,0,0,0,6.965203095385569
16.0,2048.0,3.0948565356004263,0,0,0,0,0,0,1,0,0,7.735686816878375
8.0,128.0,3.32,1,0,0,0,0,0,0,0,0,7.446340028290173
16.0,512.0,2.55,0,0,0,0,0,0,1,1,0,7.02471130609454
8.0,256.0,4.08,0,0,0,0,1,0,0,1,0,6.968163406777197
16.0,256.0,2.03,0,0,0,0,0,0,0,1,0,6.9375082371314845
32.0,512.0,3.6,1,0,0,0,0,0,0,0,1,7.625238911153686
32.0,128.0,3.78,0,0,1,0,0,0,0,0,1,7.086244501755867
4.0,512.0,3.0948565356004263,0,0,0,0,1,0,0,0,1,6.589036512744898
32.0,128.0,4.01,0,0,1,0,0,0,0,0,0,7.4994343585996
8.0,128.0,3.01,0,0,0,0,1,0,0,0,1,6.743811805892013
8.0,1024.0,2.84,0,0,0,0,0,0,1,1,0,7.116199319921663
8.0,512.0,3.63,0,0,0,0,0,0,1,0,1,6.784886834525867
16.0,512.0,2.59,0,1,0,0,0,0,0,1,0,7.191188337144503
4.0,512.0,2.9,0,0,1,0,0,0,0,0,0,6.968417547148762
16.0,1024.0,2.14,0,0,0,1,0,0,0,0,1,7.2017598224255055
16.0,512.0,3.3,0,0,0,0,1,0,0,0,1,6.98417913882519
8.0,1024.0,2.25,0,0,0,1,0,0,0,0,0,7.253357142019683
16.0,1024.0,3.79,1,0,0,0,0,0,0,0,1,7.478819567739867
8.0,512.0,2.56,1,0,0,0,0,0,0,0,0,7.331014462648559
16.0,256.0,4.01,0,0,0,0,0,0,1,0,1,7.068495627742488
32.0,256.0,2.86,0,0,0,0,0,0,1,0,1,7.149485031772026
16.0,512.0,3.95,0,0,0,0,0,0,0,1,0,7.112139978077385
8.0,512.0,2.39,0,0,1,0,0,0,0,0,0,7.1205413765799115
8.0,128.0,3.58,0,1,0,0,0,0,0,0,1,6.561850697329934
8.0,1024.0,2.53,0,0,0,0,0,0,0,0,1,6.9196739683756645
8.0,256.0,2.68,1,0,0,0,0,0,0,0,0,7.447319951607933
8.0,512.0,3.92,0,1,0,0,0,0,0,0,1,7.008459973103769
8.0,512.0,2.91,0,0,0,1,0,0,0,0,1,6.907485242525575
8.0,256.0,3.0948565356004263,0,1,0,0,0,0,0,0,1,6.68377387676887
16.0,512.0,3.7,0,1,0,0,0,0,0,0,1,7.2530952238569935
8.0,512.0,3.94,0,1,0,0,0,0,0,0,1,6.908375086861543
16.0,1024.0,3.0948565356004263,0,0,1,0,0,0,0,0,0,7.338823154469806
32.0,1024.0,3.03,0,0,0,0,1,0,0,0,1,7.438895163843293
4.0,256.0,2.46,0,0,0,0,0,0,1,0,0,6.9224468277251265
16.0,2048.0,2.51,0,0,0,1,0,0,0,0,1,7.3260181453201625
8.0,256.0,2.82,0,0,0,0,1,0,0,0,1,6.8655260447644
8.0,512.0,2.83,0,0,0,1,0,0,0,0,1,6.806762986508063
4.0,1024.0,3.7,0,0,1,0,0,0,0,0,1,6.9595314567627335
8.0,512.0,3.67,0,1,0,0,0,0,0,0,1,7.012763732673421
16.0,256.0,2.43,1,0,0,0,0,0,0,0,0,7.468233552013193
8.0,512.0,3.88,0,0,0,0,1,0,0,0,1,6.857324770182772
16.0,512.0,2.6,1,0,0,0,0,0,0,0,0,7.6046504271285595
16.0,512.0,3.23,1,0,0,0,0,0,0,0,1,7.235583117363149
32.0,512.0,3.75,0,0,0,0,1,0,0,0,0,7.517651276879763
8.0,256.0,3.53,0,0,0,0,0,0,0,0,1,6.937857622798581
4.0,512.0,3.81,0,0,0,0,0,0,0,0,1,6.688641098837558
16.0,256.0,2.91,0,0,1,0,0,0,0,0,1,6.661291922346311
32.0,512.0,2.94,0,0,0,0,0,0,1,0,1,7.284724886010327
32.0,512.0,4.13,0,0,0,0,1,0,0,1,0,7.39982001265528
16.0,1024.0,3.89,0,1,0,0,0,0,0,0,1,7.22149975713651
8.0,128.0,2.04,0,0,0,0,0,0,1,0,1,6.654062309928829
8.0,256.0,2.86,0,0,0,0,0,0,1,1,0,7.108497790047304
8.0,512.0,3.0948565356004263,0,0,0,0,1,0,0,0,1,6.914323659860169
16.0,256.0,3.09,0,0,0,0,1,0,0,0,1,6.719194297398163
16.0,1024.0,3.83,0,0,1,0,0,0,0,0,1,7.060175891677363
16.0,512.0,2.61,0,0,0,0,1,0,0,0,1,7.013744596902377
8.0,256.0,2.09,1,0,0,0,0,0,0,0,1,7.007066534705335
32.0,2048.0,3.18,0,0,0,0,0,0,1,0,1,7.452390850228273
16.0,256.0,4.03,0,0,0,1,0,0,0,0,1,6.912822419315155
4.0,256.0,4.01,0,0,0,0,0,0,1,1,0,6.972765563821712
16.0,256.0,3.9,0,0,0,0,0,0,0,0,1,7.0148233359611485
16.0,2048.0,3.02,0,0,1,0,0,0,0,0,0,7.5731303601958775
8.0,256.0,3.03,0,0,0,0,0,1,0,0,0,7.112213338771573
16.0,2048.0,3.0948565356004263,0,1,0,0,0,0,0,0,0,7.6773077907444875
8.0,256.0,2.56,0,1,0,0,0,0,0,0,0,6.809535871475677
8.0,512.0,3.11,0,0,0,0,0,0,0,0,0,7.232783712933271
32.0,256.0,4.17,0,0,0,0,0,0,0,0,1,7.10811319826219
16.0,512.0,3.47,0,0,0,0,0,0,0,1,0,7.066006113105425
16.0,1024.0,4.18,0,0,0,0,0,1,0,1,0,7.232790937975267
16.0,512.0,3.51,0,0,0,0,0,0,1,0,0,7.12880063061412
8.0,256.0,3.0,0,0,0,0,0,0,1,0,1,6.848673840845038
16.0,1024.0,2.89,0,0,1,0,0,0,0,0,1,6.894507918896507
16.0,256.0,3.26,0,1,0,0,0,0,0,0,0,7.098912684438491
32.0,512.0,3.27,0,0,0,1,0,0,0,0,1,7.259559379600332
32.0,512.0,2.74,0,0,0,0,1,0,0,0,1,7.487985689386384
8.0,128.0,3.0948565356004263,0,0,0,0,0,1,0,0,0,7.246838390016855
8.0,256.0,3.22,0,1,0,0,0,0,0,0,0,6.9715278818792035
8.0,1024.0,3.03,0,0,0,0,1,0,0,0,1,7.015595717088783
16.0,512.0,3.13,0,0,0,0,0,0,1,0,1,6.980838440482472
4.0,256.0,2.75,0,0,0,0,1,0,0,0,1,6.679008559197492
16.0,512.0,2.11,1,0,0,0,0,0,0,0,0,7.584737507873912
16.0,512.0,2.47,0,0,1,0,0,0,0,0,1,6.945744464886172
16.0,256.0,2.38,0,0,1,0,0,0,0,0,1,6.868879306398997
16.0,256.0,3.22,0,0,0,0,1,0,0,0,1,6.9385269376488905
8.0,128.0,2.04,0,0,0,0,0,0,1,0,1,6.302857042642827
4.0,2048.0,3.47,0,0,0,0,0,0,1,0,1,7.041840268343705
16.0,256.0,2.65,0,0,1,0,0,0,0,1,0,7.039143125853105
16.0,256.0,3.0948565356004263,0,0,0,0,0,0,0,0,1,6.839358658273784
16.0,256.0,2.75,0,0,0,0,0,0,1,0,1,6.654242722300452
32.0,1024.0,3.0948565356004263,0,0,0,0,1,0,0,0,0,7.675759436835694
16.0,256.0,2.89,0,0,1,0,0,0,0,1,0,6.971574791695091
8.0,256.0,2.41,0,0,0,0,0,0,1,0,1,6.485444068746885
32.0,256.0,3.07,0,0,1,0,0,0,0,0,0,7.556893099096995
8.0,512.0,3.99,0,0,0,0,0,0,1,0,1,7.010934417165157
32.0,1024.0,3.25,0,0,0,0,1,0,0,0,1,7.3140200672608655
4.0,128.0,2.8,0,1,0,0,0,0,0,1,0,6.759104447225445
4.0,512.0,3.63,0,0,1,0,0,0,0,0,1,6.636117144810035
16.0,512.0,3.23,0,0,0,1,0,0,0,0,1,6.928802229825781
8.0,2048.0,2.95,0,0,0,0,0,0,0,0,0,7.487733761436444
8.0,512.0,2.56,0,0,0,0,0,0,0,0,0,7.008405719631534
32.0,512.0,2.77,0,0,0,0,0,1,0,0,0,7.434924613707904
16.0,1024.0,2.49,0,0,0,0,0,0,1,0,1,7.060596530453584
16.0,256.0,2.45,0,0,0,0,1,0,0,0,0,7.161901250214463
4.0,512.0,2.9,0,0,0,1,0,0,0,0,1,6.523268577259164
16.0,512.0,2.15,1,0,0,0,0,0,0,0,0,7.632856449282936
16.0,256.0,3.83,1,0,0,0,0,0,0,0,1,7.546409314245712
64.0,256.0,3.65,0,0,0,0,1,0,0,0,1,7.564186606605423
16.0,128.0,4.0,0,0,1,0,0,0,0,0,1,7.272141415109722
32.0,512.0,2.51,0,0,0,0,0,0,1,0,0,7.546673280712945
16.0,256.0,2.7,0,0,0,0,0,0,1,0,0,7.171418699181248
4.0,512.0,2.88,0,0,0,1,0,0,0,0,1,6.743092877417999
8.0,1024.0,3.06,0,0,0,0,0,0,0,0,0,7.19679892407305
8.0,128.0,2.6,0,0,0,0,0,0,0,0,1,6.749228370753899
8.0,1024.0,3.8,0,0,1,0,0,0,0,1,0,7.178286106116022
16.0,256.0,4.18,0,0,0,0,0,0,0,1,0,7.205115367985189
8.0,256.0,2.14,0,0,1,0,0,0,0,0,0,7.1306828069649875
16.0,256.0,2.35,0,0,1,0,0,0,0,0,1,7.355615543542183
16.0,256.0,3.77,0,0,1,0,0,0,0,0,1,6.947917856134541
8.0,256.0,2.05,0,0,0,0,0,0,1,1,0,6.806862545682247
8.0,128.0,4.04,0,0,0,0,0,0,1,0,0,6.88870496862459
8.0,128.0,3.28,0,0,0,0,1,0,0,0,1,6.856409351630549
8.0,2048.0,3.2,1,0,0,0,0,0,0,0,1,7.626141264405708
16.0,256.0,3.13,0,0,0,0,0,1,0,0,1,6.906584593997797
8.0,1024.0,4.05,0,0,1,0,0,0,0,0,1,7.023910323513135
32.0,128.0,2.46,0,0,0,0,0,1,0,0,1,6.808675001281461
16.0,512.0,3.22,0,0,0,0,1,0,0,0,1,7.055890760868894
16.0,256.0,2.33,0,1,0,0,0,0,0,0,1,6.901646659297728
16.0,256.0,3.77,1,0,0,0,0,0,0,0,1,7.390020921518757
32.0,1024.0,2.65,1,0,0,0,0,0,0,0,1,7.75175484884155
16.0,1024.0,2.87,1,0,0,0,0,0,0,0,1,7.487666569929425
4.0,128.0,4.18,0,1,0,0,0,0,0,1,0,6.627287123548551
16.0,512.0,3.27,0,0,1,0,0,0,0,0,1,7.063921069965581
16.0,256.0,2.98,0,1,0,0,0,0,0,0,0,7.256381922061273
32.0,512.0,3.81,0,0,0,0,0,1,0,0,1,7.220724908960667
16.0,128.0,3.96,0,0,0,0,0,1,0,0,0,7.578661963056132
16.0,512.0,2.13,0,0,0,1,0,0,0,1,0,6.893220154004312
32.0,256.0,3.49,0,0,0,0,1,0,0,1,0,7.271425697433256
8.0,256.0,2.04,0,0,0,0,0,0,0,0,1,6.906013763423834
16.0,512.0,2.48,0,0,1,0,0,0,0,0,1,7.032941951071096
16.0,2048.0,2.4,0,0,0,0,1,0,0,1,0,7.391945303781659
16.0,128.0,2.18,0,0,1,0,0,0,0,0,1,6.7282936287540505
16.0,512.0,3.39,1,0,0,0,0,0,0,1,0,7.671854743459422
32.0,512.0,3.24,0,0,0,0,0,1,0,0,0,7.580066898953944
8.0,512.0,2.65,0,0,0,0,0,0,0,1,0,6.8223281010317605
16.0,512.0,4.08,0,0,0,0,0,0,1,0,0,7.2825343497579365
8.0,256.0,2.97,1,0,0,0,0,0,0,0,0,7.355641102974253
16.0,256.0,3.0948565356004263,0,0,0,0,0,1,0,1,0,7.019967269589065
32.0,512.0,2.63,0,1,0,0,0,0,0,0,0,7.572492696901619
8.0,256.0,2.03,0,0,0,0,1,0,0,1,0,6.705222851572037
16.0,512.0,3.34,0,0,0,0,0,1,0,0,0,7.38033059859569
16.0,256.0,2.18,0,0,0,0,0,1,0,0,1,6.485947351533799
8.0,256.0,3.48,0,1,0,0,0,0,0,0,1,6.612685988096338
16.0,512.0,2.26,0,0,0,0,1,0,0,0,1,6.757339283199166
16.0,512.0,2.41,0,0,0,0,1,0,0,0,1,7.014544773163655
16.0,512.0,2.51,1,0,0,0,0,0,0,0,1,7.248304906023374
8.0,512.0,3.43,0,0,0,0,1,0,0,0,1,6.838823119937862
16.0,512.0,3.0948565356004263,0,0,0,0,0,1,0,0,1,7.102235946599901
16.0,1024.0,3.78,0,0,1,0,0,0,0,0,0,7.387802056555544
16.0,1024.0,4.19,0,0,0,0,0,0,1,0,1,7.076130029643467
4.0,256.0,2.13,0,1,0,0,0,0,0,0,1,6.537314591895845
16.0,512.0,4.05,0,0,1,0,0,0,0,0,1,7.702858687181342
16.0,2048.0,2.83,0,0,0,1,0,0,0,0,0,7.615175118828801
8.0,512.0,3.0948565356004263,0,0,0,0,0,0,0,0,1,7.022716559451546
8.0,512.0,2.97,0,0,0,0,0,0,0,0,0,7.206043407846142
8.0,512.0,2.3,0,0,0,0,0,1,0,0,0,6.9330428365088865
8.0,256.0,2.28,0,0,0,1,0,0,0,0,1,6.410438005240938
16.0,512.0,3.0948565356004263,0,0,1,0,0,0,0,1,0,6.953607799164226
16.0,128.0,3.0948565356004263,0,0,1,0,0,0,0,0,0,7.4798359140626385
8.0,256.0,2.95,0,1,0,0,0,0,0,0,1,6.92069124739041
8.0,512.0,4.01,0,0,0,0,0,0,0,0,1,6.952288777342945
32.0,256.0,3.93,0,0,0,0,0,1,0,0,0,7.609004548795057
16.0,512.0,4.06,0,0,0,0,1,0,0,1,0,7.1285600975917855
16.0,512.0,2.75,0,0,1,0,0,0,0,0,0,7.195794787546019
16.0,128.0,2.26,0,0,0,0,0,1,0,0,1,6.663158238448755
8.0,256.0,2.97,0,0,1,0,0,0,0,0,0,6.988320926821705
16.0,128.0,2.48,0,0,1,0,0,0,0,0,1,6.788802809804844
8.0,2048.0,3.19,0,1,0,0,0,0,0,0,1,7.274659722723552
32.0,1024.0,3.73,0,1,0,0,0,0,0,0,1,7.430754502879816
16.0,128.0,2.97,0,0,0,0,1,0,0,0,0,7.170265686616349
8.0,512.0,3.06,1,0,0,0,0,0,0,0,0,7.321353886987024
4.0,128.0,3.26,0,0,0,0,1,0,0,1,0,6.670550835019571
32.0,512.0,3.81,0,0,1,0,0,0,0,0,1,7.181553921075292
16.0,1024.0,2.65,0,0,0,1,0,0,0,1,0,7.224002942157556
4.0,512.0,3.6,0,0,1,0,0,0,0,0,0,7.085189914202697
16.0,128.0,2.01,0,0,0,0,1,0,0,0,0,7.105900971122977
16.0,512.0,2.05,0,0,0,0,0,0,1,0,0,6.803971297718414
16.0,512.0,2.69,0,0,0,1,0,0,0,0,0,7.1421789696314555
16.0,512.0,3.05,0,0,0,1,0,0,0,0,0,7.136857044830468
8.0,512.0,4.18,0,0,0,0,0,1,0,0,1,6.932603976951528
16.0,512.0,3.35,0,0,1,0,0,0,0,0,1,7.392819919653177
8.0,512.0,3.83,1,0,0,0,0,0,0,0,0,7.642212335029061
16.0,512.0,3.49,0,0,0,1,0,0,0,1,0,7.196087140275415
16.0,256.0,2.29,1,0,0,0,0,0,0,0,1,7.398045487028081
16.0,512.0,4.07,0,0,0,0,1,0,0,0,1,6.837558111192839
16.0,512.0,3.25,0,1,0,0,0,0,0,0,0,7.325754834981077
4.0,512.0,2.73,0,0,0,1,0,0,0,0,1,6.779774169286776
16.0,512.0,3.0948565356004263,0,1,0,0,0,0,0,0,0,7.28810085004732
8.0,128.0,3.09,0,0,0,1,0,0,0,0,0,6.966665490860857
8.0,256.0,2.28,0,1,0,0,0,0,0,0,1,6.6870462617833875
32.0,256.0,2.05,0,0,0,0,1,0,0,0,0,7.285492840409638
8.0,512.0,3.78,0,0,1,0,0,0,0,0,1,6.735292959783575
8.0,256.0,2.54,0,0,1,0,0,0,0,0,1,6.533076374889488
16.0,128.0,3.83,0,0,0,0,0,0,0,0,0,7.205278765464775
8.0,256.0,3.79,0,0,0,1,0,0,0,0,1,6.786468612774051
16.0,1024.0,2.04,0,1,0,0,0,0,0,0,1,7.206102773083361
32.0,1024.0,2.04,0,0,0,1,0,0,0,0,1,7.228134428020626
32.0,128.0,2.51,0,0,1,0,0,0,0,0,1,7.2851912143687985
8.0,256.0,3.0948565356004263,0,1,0,0,0,0,0,0,1,6.641939063380975
8.0,256.0,2.46,0,0,0,0,0,1,0,1,0,6.945330408135224
16.0,2048.0,2.87,0,0,0,0,0,1,0,0,0,7.502567208821009
16.0,512.0,3.6,0,1,0,0,0,0,0,0,0,7.0077544482725935
8.0,256.0,3.0948565356004263,0,1,0,0,0,0,0,0,0,6.651843154619159
8.0,256.0,2.7,0,0,1,0,0,0,0,0,1,6.568400892955687
32.0,1024.0,3.73,0,0,0,0,0,1,0,0,1,7.696158092404205
16.0,512.0,2.26,0,0,0,0,0,0,0,0,0,7.1129629395627925
4.0,256.0,2.19,0,0,0,0,0,0,0,0,1,6.624941337927217
8.0,512.0,3.63,0,0,0,0,0,1,0,0,1,6.75624610729833
8.0,1024.0,4.11,0,0,0,0,0,0,0,0,0,7.322668941909913
8.0,512.0,2.68,0,0,0,1,0,0,0,0,1,6.895358758645585
32.0,512.0,2.23,0,0,0,0,0,0,1,0,1,7.176827762184747
8.0,256.0,3.0948565356004263,0,0,1,0,0,0,0,0,0,7.217597491728896
16.0,512.0,2.6,0,0,0,0,1,0,0,0,1,7.027128161273452
16.0,2048.0,4.01,0,0,0,0,0,0,1,1,0,7.5026885680444595
8.0,256.0,3.0948565356004263,0,0,0,0,0,1,0,0,0,7.042172529119006
8.0,512.0,2.99,0,0,1,0,0,0,0,0,1,6.810307816816172
8.0,512.0,2.43,1,0,0,0,0,0,0,0,1,6.959379518601273
16.0,512.0,2.71,0,0,0,0,0,1,0,1,0,7.00070813703096
32.0,256.0,2.12,0,1,0,0,0,0,0,0,1,6.995262366420372
32.0,512.0,2.37,0,0,0,0,0,0,0,0,0,7.3276294100509345
32.0,256.0,2.26,0,0,0,0,0,1,0,0,0,7.458797273915576
8.0,512.0,4.02,1,0,0,0,0,0,0,0,0,7.3527359285723115
16.0,512.0,3.77,0,0,0,0,0,0,1,0,1,6.685124096384656
16.0,512.0,2.07,0,0,0,0,0,1,0,0,1,7.004146692224677
16.0,2048.0,3.66,0,0,0,0,0,1,0,0,1,7.440440237101021
16.0,256.0,2.02,0,1,0,0,0,0,0,1,0,7.007962539399163
4.0,1024.0,2.15,0,0,0,0,1,0,0,1,0,6.8211292822694425
8.0,256.0,2.97,0,0,0,0,0,1,0,1,0,6.710340388740527
16.0,256.0,3.0948565356004263,0,0,0,0,1,0,0,0,0,7.106179817357489
16.0,256.0,3.4,0,0,0,0,0,1,0,0,0,7.014365014040395
16.0,128.0,3.9,0,0,0,0,1,0,0,0,0,7.177431209491174
8.0,512.0,2.47,1,0,0,0,0,0,0,0,1,7.027243526604523
32.0,1024.0,3.95,0,0,0,0,0,0,1,0,1,7.3188710585991155
16.0,512.0,3.3,1,0,0,0,0,0,0,0,0,7.472671281645001
16.0,512.0,3.63,0,0,1,0,0,0,0,0,1,7.017255215404227
8.0,256.0,4.09,0,0,0,1,0,0,0,1,0,6.964305730272524
8.0,128.0,2.39,0,0,0,0,1,0,0,1,0,6.892936014083786
64.0,512.0,3.71,0,0,0,0,0,0,1,0,1,7.544067522789543
16.0,512.0,3.17,0,0,0,0,0,1,0,0,1,6.943074159106492
32.0,512.0,3.81,0,0,0,0,0,0,1,0,1,7.184841412220514
8.0,2048.0,3.45,0,0,1,0,0,0,0,0,1,7.366672682490307
16.0,256.0,3.03,0,0,0,0,0,0,0,0,1,7.360371112876634
16.0,256.0,2.44,1,0,0,0,0,0,0,0,0,7.70441526924212
16.0,512.0,2.85,0,0,1,0,0,0,0,0,1,6.95154247295008
16.0,512.0,3.87,0,0,0,0,0,0,1,0,0,7.369317126442172
16.0,512.0,3.57,0,1,0,0,0,0,0,0,1,7.069610488266374
16.0,512.0,2.43,0,1,0,0,0,0,0,1,0,6.985373511528084
8.0,2048.0,3.62,0,1,0,0,0,0,0,0,0,7.549845979217132
16.0,512.0,3.92,0,0,0,0,0,1,0,1,0,6.868806528843562
8.0,512.0,2.77,0,0,1,0,0,0,0,0,1,6.84534781885352
8.0,256.0,3.6,0,0,1,0,0,0,0,0,1,6.512205847661349
8.0,512.0,3.02,0,0,0,0,0,0,1,0,0,6.94340230642828
8.0,512.0,3.0948565356004263,0,0,0,0,0,0,0,1,0,6.934465367294205
64.0,256.0,3.05,0,0,0,1,0,0,0,1,0,7.559158164833736
16.0,512.0,2.94,0,0,0,1,0,0,0,0,0,7.371080406599273
8.0,256.0,2.3,0,0,0,0,0,1,0,0,0,6.853182930156416
16.0,2048.0,3.26,0,0,0,0,0,0,1,1,0,7.527820883540491
16.0,256.0,2.24,0,0,0,0,0,0,0,0,1,6.7671474789702515
32.0,256.0,3.91,0,0,0,0,0,0,1,0,0,7.521989113899104
16.0,256.0,3.82,0,0,0,0,1,0,0,0,1,6.9981260070281825
8.0,512.0,3.89,0,0,0,0,0,0,1,0,1,6.778329731541679
16.0,1024.0,3.16,0,0,0,0,0,1,0,0,0,7.33582952995116
16.0,512.0,3.32,0,0,0,0,0,1,0,0,1,6.999905927264793
32.0,512.0,2.27,0,0,0,0,0,0,0,0,1,7.065732912386574
16.0,512.0,3.08,0,0,0,0,1,0,0,0,0,7.172723841627019
8.0,1024.0,2.41,1,0,0,0,0,0,0,0,0,7.565974519240796
32.0,512.0,2.15,0,1,0,0,0,0,0,1,0,7.409106158785584
16.0,512.0,2.08,0,0,1,0,0,0,0,0,0,7.091417603212258
8.0,512.0,2.74,0,0,0,0,0,0,1,0,0,7.198093819895127
16.0,512.0,3.65,0,0,0,0,0,0,1,0,1,7.0864201582725475
16.0,128.0,3.27,0,0,1,0,0,0,0,0,1,6.70502691241052
8.0,512.0,3.58,1,0,0,0,0,0,0,0,1,7.053144834855035
8.0,512.0,3.26,1,0,0,0,0,0,0,1,0,7.311899515122886
8.0,2048.0,3.91,0,0,0,1,0,0,0,1,0,7.45617722036198
16.0,512.0,3.06,0,0,0,1,0,0,0,0,0,6.964957580747885
32.0,128.0,3.07,1,0,0,0,0,0,0,0,1,7.324674537135417
8.0,512.0,2.23,0,1,0,0,0,0,0,1,0,6.8748187787358725
16.0,1024.0,3.53,1,0,0,0,0,0,0,0,0,7.699049520681607
16.0,1024.0,2.35,0,0,0,0,0,0,1,0,1,7.009652805408297
16.0,256.0,2.68,1,0,0,0,0,0,0,0,1,7.394093519096857
16.0,256.0,2.82,0,0,0,0,0,1,0,0,0,7.189982500750954
4.0,256.0,3.03,0,1,0,0,0,0,0,0,1,6.696478537732761
8.0,2048.0,3.84,0,0,0,0,0,0,1,0,0,7.540796765559306
8.0,256.0,2.08,1,0,0,0,0,0,0,0,1,7.205241632018304
8.0,512.0,3.65,0,0,0,0,1,0,0,0,1,7.063039601707685
4.0,256.0,3.38,0,0,0,0,0,0,0,0,1,6.696404419736878
8.0,256.0,2.67,0,1,0,0,0,0,0,1,0,6.826816336476785
16.0,256.0,2.53,0,0,1,0,0,0,0,0,1,6.7516977823346505
8.0,256.0,3.66,0,0,0,0,0,0,0,0,1,6.935740027516901
8.0,256.0,4.03,0,1,0,0,0,0,0,0,0,7.178530228117204
8.0,128.0,3.0948565356004263,0,0,1,0,0,0,0,0,1,6.439973180309061
8.0,512.0,2.17,0,0,1,0,0,0,0,0,1,6.8234384502526595
16.0,128.0,2.81,0,0,0,0,0,0,1,0,1,6.902511554659084
16.0,256.0,3.18,0,0,0,0,0,0,1,1,0,7.0121423209681835
64.0,512.0,3.0948565356004263,0,0,0,0,0,0,0,1,0,7.664759498523429
8.0,128.0,3.6,0,0,1,0,0,0,0,0,0,7.062945418384058
8.0,512.0,3.89,0,1,0,0,0,0,0,0,0,7.315457882030493
16.0,512.0,3.04,1,0,0,0,0,0,0,0,0,7.582937043539222
64.0,512.0,2.39,0,0,0,0,0,1,0,0,1,7.4949362049058825
8.0,512.0,3.15,0,0,0,0,0,0,0,0,1,6.997988958773278
4.0,512.0,2.3,0,0,1,0,0,0,0,0,1,6.776427171626729
4.0,512.0,2.02,0,0,0,0,1,0,0,0,1,6.270837191688622
16.0,1024.0,3.73,0,0,1,0,0,0,0,0,1,7.371357211019846
64.0,512.0,3.0,0,0,0,0,0,0,1,1,0,7.656223631130044
8.0,512.0,4.2,0,0,1,0,0,0,0,0,1,6.76358463253722
8.0,512.0,2.79,0,0,1,0,0,0,0,0,0,7.243098306858494
8.0,512.0,4.0,0,0,0,0,0,0,0,0,1,6.818311856055771
16.0,512.0,3.34,0,0,0,0,1,0,0,0,1,6.894143051562275
16.0,512.0,4.19,0,0,0,0,0,0,0,1,0,7.225102944089668
32.0,128.0,2.12,0,0,1,0,0,0,0,1,0,7.114379128299056
16.0,2048.0,3.34,0,1,0,0,0,0,0,1,0,7.411634834575228
4.0,1024.0,2.06,0,0,0,0,1,0,0,0,1,6.9135484660229
8.0,1024.0,2.52,0,0,0,0,1,0,0,0,1,6.602940611523369
8.0,256.0,2.4,0,0,0,0,0,1,0,0,1,6.87428122212442
32.0,256.0,2.99,0,0,0,0,0,1,0,0,0,7.3880062246794225
16.0,256.0,3.91,1,0,0,0,0,0,0,1,0,7.665101860684968
8.0,256.0,2.23,0,0,0,0,0,1,0,0,0,6.760657998677563
8.0,512.0,4.16,0,0,0,1,0,0,0,0,1,6.960395166306316
32.0,256.0,3.09,0,0,0,0,0,1,0,0,0,7.578651738107256
32.0,512.0,2.48,0,0,0,0,0,0,0,0,0,7.4053071955925445
16.0,256.0,2.56,1,0,0,0,0,0,0,0,0,7.51247553568401
8.0,512.0,2.48,0,0,0,0,1,0,0,0,0,7.185750585844374
16.0,1024.0,3.86,0,0,1,0,0,0,0,0,1,7.090943127104049
8.0,512.0,4.18,0,0,0,0,0,0,1,0,1,6.937255827099759
8.0,1024.0,2.65,0,0,0,0,0,0,0,1,0,7.048186562515906
32.0,128.0,2.23,1,0,0,0,0,0,0,0,1,7.394665188294232
16.0,256.0,3.04,0,0,0,0,0,0,0,0,1,6.864022803117131
8.0,512.0,3.57,0,0,0,0,0,1,0,0,0,6.9099229279327075
8.0,512.0,2.71,0,0,1,0,0,0,0,0,1,6.702488482052962
8.0,512.0,2.36,0,0,0,0,0,1,0,0,1,6.855124248118739
8.0,128.0,3.1,0,0,1,0,0,0,0,0,1,6.792198513346625
16.0,128.0,3.41,0,0,0,1,0,0,0,1,0,7.013690629390806
8.0,2048.0,2.48,0,0,0,1,0,0,0,0,1,6.988736008114416
16.0,256.0,4.0,0,0,0,0,0,0,0,1,0,7.180214570612151
8.0,128.0,2.57,0,0,0,0,0,0,0,1,0,6.827986700398455
8.0,1024.0,4.13,0,0,0,0,0,0,0,0,1,6.932603976951528
8.0,256.0,3.02,0,1,0,0,0,0,0,1,0,6.839123056739142
16.0,512.0,3.84,0,0,0,0,0,0,0,0,0,7.330326571792984
16.0,512.0,4.16,0,0,0,0,0,1,0,0,1,6.9202271804774576
8.0,128.0,2.14,0,0,0,0,1,0,0,0,1,6.593852426887274
32.0,512.0,2.69,0,0,0,0,0,0,0,0,0,7.593046683576499
8.0,512.0,2.78,0,0,0,0,0,0,1,0,1,6.599298907313879
8.0,512.0,2.23,0,0,0,0,0,0,1,0,0,7.202564393625032
32.0,1024.0,2.53,0,0,0,0,0,0,0,0,1,7.332022514052897
8.0,512.0,2.05,0,1,0,0,0,0,0,0,1,6.545766240219636
16.0,512.0,3.66,0,0,0,0,0,0,1,0,0,7.28799830102025
4.0,512.0,3.85,0,1,0,0,0,0,0,0,0,7.132641311294184
8.0,2048.0,4.13,0,0,1,0,0,0,0,0,1,7.330051282901773
16.0,512.0,3.49,1,0,0,0,0,0,0,0,0,7.545944563961401
16.0,256.0,3.71,0,0,0,0,1,0,0,0,1,7.0559683661426424
32.0,256.0,3.41,1,0,0,0,0,0,0,0,1,7.655527946005974
4.0,1024.0,4.15,0,0,1,0,0,0,0,1,0,7.212854783470986
16.0,256.0,2.34,0,0,0,0,1,0,0,0,0,6.876862988039603
32.0,256.0,2.01,0,0,0,0,1,0,0,0,0,7.379519856847352
16.0,256.0,4.01,0,0,1,0,0,0,0,1,0,6.98234313597271
16.0,1024.0,3.49,1,0,0,0,0,0,0,0,1,7.530356597074356
32.0,256.0,3.26,0,0,0,0,0,0,1,0,1,7.094052256642239
16.0,128.0,2.52,0,1,0,0,0,0,0,0,0,7.010853236985704
16.0,512.0,3.5,0,0,0,1,0,0,0,0,0,7.349584459826227
32.0,2048.0,2.36,0,0,0,0,1,0,0,0,0,7.639877950323123
16.0,512.0,2.29,0,0,0,0,1,0,0,0,1,6.822023083490888
16.0,512.0,2.95,0,0,0,1,0,0,0,0,0,6.9294287042636
32.0,1024.0,2.38,0,0,0,1,0,0,0,0,0,7.497284868552677
16.0,128.0,2.36,0,0,1,0,0,0,0,0,0,6.994400755705095
4.0,256.0,3.38,0,0,0,1,0,0,0,0,0,7.1024252789569555
32.0,256.0,2.1,0,0,0,0,1,0,0,1,0,7.175979264776795
8.0,1024.0,2.83,0,0,0,1,0,0,0,0,0,7.305980911878832
8.0,2048.0,3.81,0,0,0,0,1,0,0,0,0,7.403779906415969
16.0,512.0,3.73,0,0,1,0,0,0,0,0,0,7.447477349758539
64.0,512.0,3.66,0,0,0,0,0,0,1,1,0,7.634076079673205
32.0,256.0,3.0948565356004263,0,0,1,0,0,0,0,1,0,7.423263920284508
32.0,256.0,3.38,0,0,0,0,0,1,0,0,0,7.40291482810899
8.0,256.0,3.62,0,1,0,0,0,0,0,0,1,6.851057935303592
16.0,1024.0,3.39,0,0,0,0,0,0,1,0,1,7.174486915657545
4.0,256.0,3.58,0,0,0,1,0,0,0,0,1,6.763665484952729
8.0,256.0,2.97,0,0,0,1,0,0,0,0,1,6.568864119123614
8.0,1024.0,3.47,0,1,0,0,0,0,0,0,1,6.925605020244932
16.0,512.0,4.02,0,0,0,0,0,0,1,0,1,7.254213206510269
16.0,512.0,3.0948565356004263,0,0,0,1,0,0,0,0,0,7.2856778840839
32.0,512.0,3.98,0,0,0,0,0,1,0,1,0,7.3956663584569995
8.0,256.0,2.11,0,0,1,0,0,0,0,0,1,6.610251800699333
64.0,512.0,2.63,0,0,1,0,0,0,0,0,1,7.466370566583977
8.0,2048.0,4.12,0,0,0,0,0,1,0,0,1,7.236065727211274
8.0,256.0,4.17,0,0,1,0,0,0,0,0,1,6.773503627033131
32.0,1024.0,3.4,0,0,0,0,0,1,0,0,0,7.558866186417209
8.0,2048.0,3.89,0,0,0,1,0,0,0,1,0,7.357811270418177
16.0,128.0,2.27,0,0,0,0,0,0,0,1,0,7.002628999915781
32.0,256.0,3.0948565356004263,0,0,1,0,0,0,0,0,1,7.218118185656976
32.0,128.0,4.06,0,0,1,0,0,0,0,0,1,7.183316692120839
8.0,1024.0,2.4,0,0,0,0,0,0,0,0,0,7.256290182502758
16.0,512.0,2.04,0,0,0,0,0,1,0,0,1,6.902491449307038
16.0,256.0,4.1,0,0,0,0,0,1,0,0,1,7.069755073752794
4.0,512.0,3.11,0,1,0,0,0,0,0,0,1,6.60612302024363
32.0,512.0,2.35,0,1,0,0,0,0,0,0,1,7.288599771908054
16.0,256.0,2.07,0,1,0,0,0,0,0,0,1,6.402961427447865
32.0,512.0,3.47,0,0,0,0,0,0,0,0,0,7.542552748153611
4.0,2048.0,4.02,0,1,0,0,0,0,0,0,0,7.4703950614623
8.0,512.0,2.51,1,0,0,0,0,0,0,0,0,7.323764600965973
32.0,256.0,3.91,0,0,0,1,0,0,0,0,1,7.472858838658619
16.0,1024.0,3.28,0,0,0,1,0,0,0,0,1,6.99567457702002
16.0,2048.0,3.18,0,0,0,0,0,1,0,0,1,7.1375566179604135
8.0,128.0,3.0948565356004263,0,0,0,0,0,1,0,0,0,6.890049451863205
16.0,256.0,3.75,0,0,0,0,0,0,0,0,1,6.835614601204455
16.0,512.0,2.38,0,1,0,0,0,0,0,0,0,7.09457503701586
16.0,512.0,2.78,0,0,0,0,1,0,0,0,1,6.745777379571774
16.0,256.0,3.61,0,0,1,0,0,0,0,0,1,6.877543463573898
8.0,512.0,2.75,0,0,0,0,0,0,0,1,0,6.8720348327409
8.0,1024.0,2.94,0,0,0,0,0,0,0,1,0,7.0513793190650125
8.0,512.0,2.18,0,0,0,0,0,0,1,0,1,6.758117732961663
8.0,1024.0,3.09,0,0,0,1,0,0,0,0,1,7.069159587520703
16.0,128.0,2.25,0,0,0,0,0,0,0,0,0,7.071352626777812
16.0,512.0,3.29,1,0,0,0,0,0,0,0,0,7.730328561982386
16.0,128.0,2.04,0,1,0,0,0,0,0,0,1,6.396262766228443
8.0,1024.0,3.72,0,0,1,0,0,0,0,0,0,7.419602380861676
16.0,512.0,2.3,0,0,1,0,0,0,0,0,0,7.19143686012851
8.0,256.0,2.56,0,0,0,0,0,0,1,0,0,6.897937239378096
8.0,256.0,3.95,0,0,0,0,0,0,1,1,0,6.876037547930002
8.0,512.0,3.12,0,1,0,0,0,0,0,0,0,7.214725140341202
4.0,256.0,2.2,0,0,0,0,1,0,0,1,0,6.812949971708225
16.0,256.0,4.03,0,0,1,0,0,0,0,0,0,7.2601149254031965
4.0,1024.0,2.57,0,0,1,0,0,0,0,0,0,7.203844412851249
16.0,1024.0,3.0948565356004263,0,0,0,0,0,0,1,0,0,7.418252848944363
8.0,256.0,2.33,0,0,0,0,0,0,1,0,0,6.994758322603711
32.0,256.0,2.1,1,0,0,0,0,0,0,0,0,7.764546505858484
16.0,1024.0,3.22,0,0,1,0,0,0,0,1,0,7.147291729502503
8.0,256.0,2.86,0,0,0,0,0,0,1,0,0,7.094442293285732
8.0,256.0,2.41,0,0,0,0,0,0,1,0,1,6.650822238678506
16.0,256.0,2.74,0,0,1,0,0,0,0,0,1,6.796130740791245
8.0,2048.0,3.85,0,0,0,0,0,0,0,0,0,7.646993746922513
8.0,1024.0,4.07,0,0,0,0,1,0,0,1,0,7.200275628074167
16.0,256.0,2.8,1,0,0,0,0,0,0,0,1,7.278263105914499
16.0,128.0,2.84,0,0,0,0,1,0,0,0,0,7.234047301186123
16.0,2048.0,3.58,0,0,0,0,0,0,1,0,1,7.36161682296527
16.0,512.0,2.82,1,0,0,0,0,0,0,0,1,7.539946845453748
16.0,512.0,2.03,0,0,0,0,0,0,0,0,1,6.842160199883727
8.0,512.0,3.48,0,0,0,0,0,1,0,0,0,7.1664049606135665
16.0,128.0,3.36,0,0,0,1,0,0,0,0,0,6.999176086793762
8.0,256.0,3.47,0,0,1,0,0,0,0,0,1,6.696293232441765
16.0,512.0,3.12,0,0,1,0,0,0,0,0,0,7.3836602112361645
8.0,512.0,3.98,0,0,0,0,0,0,1,0,0,7.3047243981690375
8.0,128.0,2.6,0,0,0,0,0,1,0,0,1,6.697564971005466
64.0,256.0,2.02,0,1,0,0,0,0,0,0,1,7.342021620895929
16.0,1024.0,3.48,0,0,1,0,0,0,0,0,1,6.971903098805889
16.0,512.0,2.57,0,0,1,0,0,0,0,0,1,7.2278948609824525
16.0,256.0,4.06,0,0,0,1,0,0,0,0,1,7.049437116309396
16.0,1024.0,2.12,0,1,0,0,0,0,0,0,0,7.453683532840264
16.0,256.0,3.83,0,0,0,0,1,0,0,0,1,7.4798359140626385
16.0,256.0,3.24,0,0,0,0,0,0,0,0,0,7.109356450508048
32.0,256.0,3.92,0,0,0,0,0,0,1,0,1,7.329579182702854
4.0,256.0,2.66,0,0,0,0,0,0,1,0,0,6.783370499691191
8.0,256.0,2.85,0,0,0,0,0,1,0,0,1,6.7174781604595255
8.0,1024.0,2.3,0,0,0,0,0,0,1,0,0,7.251926374615255
16.0,256.0,3.3,0,0,0,0,0,0,1,0,0,7.041962693052662
4.0,512.0,3.46,1,0,0,0,0,0,0,1,0,7.104636987107422
8.0,512.0,2.44,0,0,0,0,0,0,1,0,1,6.737121157263191
16.0,128.0,3.21,0,0,0,0,0,0,0,0,0,6.854259561039386
16.0,128.0,3.59,0,0,0,0,0,0,0,0,0,7.041682843120361
8.0,512.0,4.09,0,0,1,0,0,0,0,0,1,7.007039370511364
8.0,1024.0,3.6,0,0,0,0,1,0,0,0,1,6.992307802133502
16.0,512.0,3.66,0,0,0,0,1,0,0,0,0,7.395267238970679
16.0,512.0,2.02,0,0,0,0,1,0,0,0,1,6.903958078733752
8.0,256.0,2.14,0,0,0,0,0,1,0,0,0,6.870240310219378
8.0,512.0,4.12,0,0,1,0,0,0,0,1,0,7.045149202420957
4.0,512.0,2.63,0,0,0,0,1,0,0,1,0,6.963785834807063
16.0,1024.0,3.76,0,0,0,0,0,0,1,0,0,7.4468301099802625
16.0,2048.0,3.0948565356004263,0,0,0,0,0,1,0,0,0,7.528675793544733
64.0,128.0,3.84,0,1,0,0,0,0,0,1,0,7.645311612509488
8.0,256.0,2.48,0,0,0,0,0,0,0,0,0,6.903917925750882
16.0,256.0,3.77,0,0,0,1,0,0,0,0,0,7.296236982049888
64.0,512.0,3.48,0,0,0,0,0,1,0,0,1,7.585215053097374
8.0,512.0,2.06,1,0,0,0,0,0,0,0,1,6.810660507741344
8.0,512.0,3.0948565356004263,0,1,0,0,0,0,0,0,0,7.2762935742680925
16.0,512.0,2.85,0,0,0,0,0,0,0,0,1,7.051058768755363
32.0,1024.0,3.1,0,0,1,0,0,0,0,0,1,7.2545808769685545
8.0,512.0,3.0,0,1,0,0,0,0,0,0,0,6.927450057325572
16.0,256.0,4.03,0,0,0,0,0,1,0,0,1,6.788622582943796
32.0,256.0,3.14,0,0,1,0,0,0,0,0,0,7.36087339700834
16.0,256.0,3.0948565356004263,0,0,0,0,1,0,0,0,1,6.951054203377285
8.0,512.0,3.6,0,0,1,0,0,0,0,0,1,6.95317787448996
16.0,128.0,2.76,1,0,0,0,0,0,0,0,1,6.997888444781188
8.0,512.0,3.15,1,0,0,0,0,0,0,0,0,7.403414471666367
8.0,512.0,2.5,0,0,1,0,0,0,0,0,1,6.795146334599483
8.0,256.0,3.98,0,0,0,0,0,0,1,0,0,6.929409132876967
8.0,512.0,3.15,0,0,0,0,0,0,1,0,1,6.777669372418958
8.0,1024.0,2.85,0,0,0,1,0,0,0,1,0,7.2800496028218245
8.0,1024.0,2.54,0,0,0,0,0,0,0,0,0,7.19170790568841
16.0,256.0,3.22,0,0,0,0,0,0,1,0,0,7.1336071594597215
4.0,512.0,2.77,0,0,1,0,0,0,0,0,0,6.7283055944126104
32.0,256.0,2.62,0,0,0,0,1,0,0,0,1,7.171879532221915
8.0,512.0,3.64,0,0,0,1,0,0,0,0,0,7.0559683661426424
32.0,512.0,2.59,0,0,0,1,0,0,0,0,1,7.2612602037150475
16.0,1024.0,3.89,0,0,0,0,0,0,1,0,0,7.367563359811335
8.0,512.0,3.3,0,0,0,0,0,0,0,0,0,7.2113795958546705
4.0,512.0,3.78,0,0,0,0,0,0,1,0,0,7.499312603780449
8.0,256.0,3.46,0,0,1,0,0,0,0,1,0,6.803671725438814
8.0,256.0,3.25,0,0,0,0,0,0,1,1,0,6.869191150230134
32.0,256.0,3.64,0,0,1,0,0,0,0,0,1,7.121446295522149
4.0,128.0,2.99,0,0,0,0,0,1,0,0,0,6.566953684199695
16.0,128.0,3.32,0,0,0,0,0,1,0,0,0,7.247571916853739
32.0,128.0,3.33,1,0,0,0,0,0,0,0,0,7.698600694761857
16.0,512.0,2.7,0,0,1,0,0,0,0,0,1,7.038555445201145
32.0,1024.0,3.24,0,0,1,0,0,0,0,0,0,7.518911187983757
8.0,256.0,4.2,0,0,0,0,0,0,1,0,0,6.925408539219455
4.0,256.0,2.48,0,0,0,1,0,0,0,0,1,6.771179256171389
32.0,512.0,2.4,0,0,0,1,0,0,0,0,1,7.28908478600688
16.0,128.0,3.18,0,0,1,0,0,0,0,1,0,6.916794303632807
8.0,2048.0,2.64,0,0,0,1,0,0,0,0,0,7.518384607892059
8.0,256.0,3.0948565356004263,0,1,0,0,0,0,0,0,0,7.023767859418298
16.0,512.0,3.64,0,1,0,0,0,0,0,0,0,7.247735640644952
8.0,1024.0,2.95,0,0,1,0,0,0,0,0,1,6.683273332416447
8.0,512.0,3.62,0,0,1,0,0,0,0,1,0,6.9673440703937946
64.0,128.0,3.17,0,0,1,0,0,0,0,0,0,7.74884821429039
8.0,256.0,2.94,0,0,0,0,0,0,1,0,0,6.898280535019594
8.0,512.0,3.55,0,0,0,1,0,0,0,0,1,6.870852676931993
8.0,512.0,4.08,0,0,0,1,0,0,0,1,0,6.92990808362327
16.0,512.0,3.05,0,0,0,1,0,0,0,0,0,7.149327965764714
32.0,1024.0,2.01,0,0,1,0,0,0,0,0,1,7.352966603168372
16.0,256.0,2.12,0,0,0,0,0,0,1,0,0,7.162606777780623
8.0,1024.0,2.15,0,0,0,0,1,0,0,1,0,6.953493170655991
16.0,512.0,3.0948565356004263,0,0,0,0,0,0,1,1,0,6.9244550582045505
32.0,1024.0,3.21,0,1,0,0,0,0,0,0,1,7.386762008421478
16.0,128.0,2.94,0,0,0,1,0,0,0,0,0,6.6773101358064055
4.0,512.0,2.84,0,1,0,0,0,0,0,0,1,6.5647577991924475
16.0,512.0,2.3,0,0,0,0,0,1,0,0,1,6.986298401300917
16.0,512.0,4.0,0,0,0,0,0,0,1,0,0,7.278249298146249
16.0,512.0,4.1,0,0,0,0,1,0,0,0,0,7.439388906836589
32.0,1024.0,2.93,0,0,0,0,1,0,0,1,0,7.394874104083495
16.0,512.0,3.87,0,0,0,0,0,0,0,0,1,7.091816987500131
32.0,512.0,2.09,0,0,0,0,0,0,0,0,1,7.0172104002889775
4.0,512.0,2.81,0,0,0,0,0,1,0,1,0,7.15589578681331
8.0,128.0,4.04,0,0,1,0,0,0,0,0,1,6.655195790220722
8.0,512.0,2.86,0,0,0,0,0,1,0,0,1,6.758651840376392
16.0,512.0,2.0,0,0,0,0,0,0,1,0,1,6.8067297979138734
16.0,512.0,2.05,0,0,0,0,0,1,0,1,0,6.876316210146757
16.0,256.0,3.63,0,0,0,0,1,0,0,1,0,7.17258573067767
4.0,2048.0,2.84,0,0,0,0,0,1,0,0,0,7.475089772346549
8.0,512.0,3.0,0,0,0,1,0,0,0,0,1,6.679310199368195
8.0,512.0,2.33,0,1,0,0,0,0,0,0,1,6.901203865260162
16.0,256.0,2.98,0,0,1,0,0,0,0,0,1,6.669155391549612
8.0,1024.0,2.54,0,0,0,0,0,0,0,0,1,6.775057824249016
4.0,256.0,2.96,0,0,0,0,0,0,1,0,0,6.893727345997494
8.0,256.0,3.0948565356004263,0,0,0,1,0,0,0,0,0,6.864607665638895
8.0,1024.0,2.13,0,0,0,0,0,1,0,0,1,6.648427400026884
16.0,128.0,3.44,0,0,0,1,0,0,0,0,0,6.836624409319312
4.0,256.0,3.0948565356004263,0,1,0,0,0,0,0,0,0,6.874539698870707
