Brand,RAM,Storage,Processor_Speed,Screen_Size,Condition,Year,Price
MSI,16.0,256.0,3.72,17.0,New,2019.0,1337.45
Asus,16.0,512.0,2.05,14.0,Used,2022.0,922.01
Acer,4.0,2048.0,3.36,14.0,Used,2020.0,1301.3
MSI,8.0,256.0,2.81,15.6,New,2020.0,1014.26
Samsung,16.0,1024.0,3.5,13.3,New,,1644.02
HP,8.0,128.0,3.51,,New,2021.0,1222.16
Samsung,4.0,1024.0,2.57,16.0,New,2022.0,1366.76
Asus,64.0,512.0,4.07,16.0,Used,,2036.99
MSI,4.0,256.0,2.1,17.0,New,,1095.29
Dell,8.0,512.0,2.31,17.0,New,2023.0,1370.52
Dell,,256.0,,15.6,New,2024.0,1436.92
Asus,32.0,,4.01,13.3,Used,2018.0,1424.7
Dell,4.0,256.0,2.72,15.6,Used,2022.0,769.62
Asus,64.0,1024.0,3.59,15.6,Used,2023.0,2330.12
HP,4.0,256.0,2.07,13.3,New,2024.0,919.95
,8.0,512.0,2.5,15.6,Used,2020.0,886.25
HP,16.0,256.0,2.23,16.0,Used,2020.0,986.64
Samsung,32.0,1024.0,,13.3,New,2019.0,1871.44
Acer,4.0,256.0,2.67,15.6,Used,2021.0,642.94
Samsung,32.0,256.0,3.14,13.3,Used,2022.0,1403.99
Dell,8.0,256.0,3.53,15.6,New,2017.0,1024.27
MSI,,1024.0,,,Used,2018.0,963.44
Samsung,16.0,512.0,2.18,15.6,New,2022.0,1540.74
Acer,8.0,1024.0,3.76,13.3,New,2022.0,1375.58
Samsung,4.0,512.0,3.49,15.6,Used,2023.0,1010.62
Apple,32.0,256.0,,13.3,Used,2017.0,1592.39
Dell,,512.0,3.53,16.0,New,2024.0,1582.07
HP,64.0,2048.0,3.23,15.6,New,2017.0,3417.5
Lenovo,16.0,1024.0,3.88,13.3,Used,2019.0,1305.51
Samsung,8.0,512.0,2.01,14.0,Used,2019.0,922.97
Samsung,64.0,256.0,2.04,17.0,New,,2662.81
Dell,8.0,512.0,3.12,17.0,Used,2024.0,1071.55
,8.0,256.0,3.42,13.3,New,2021.0,1489.87
Samsung,16.0,256.0,4.07,17.0,New,2022.0,1507.06
Lenovo,16.0,2048.0,2.73,17.0,,2020.0,1449.38
Asus,8.0,256.0,3.07,14.0,Used,2023.0,970.53
Acer,16.0,512.0,2.21,14.0,New,2018.0,1242.93
Dell,8.0,512.0,3.22,14.0,Used,2019.0,921.37
HP,32.0,1024.0,3.12,13.3,Used,2020.0,1610.03
Samsung,4.0,1024.0,2.06,14.0,New,2023.0,1405.38
MSI,,,3.19,17.0,Used,2018.0,743.23
,8.0,1024.0,2.6,16.0,Used,2020.0,1667.56
Acer,4.0,512.0,3.19,16.0,New,2018.0,794.58
Dell,8.0,256.0,3.64,14.0,New,2021.0,1211.57
Acer,32.0,512.0,2.9,14.0,Refurbished,2023.0,1632.79
Samsung,8.0,1024.0,3.4,,Used,2023.0,1038.1
Asus,16.0,256.0,2.55,15.6,Used,2017.0,774.6
MSI,4.0,1024.0,3.55,16.0,New,2018.0,1253.99
Samsung,32.0,256.0,3.02,17.0,New,2018.0,1625.02
Samsung,16.0,256.0,2.16,14.0,New,2024.0,1422.31
Samsung,32.0,512.0,2.85,16.0,New,2021.0,1899.22
Lenovo,32.0,512.0,2.45,17.0,New,2023.0,1867.32
Acer,4.0,128.0,3.5,13.3,Used,2021.0,707.61
Apple,16.0,256.0,4.06,16.0,Used,2021.0,1756.75
Dell,16.0,256.0,3.25,15.6,Refurbished,2024.0,1219.13
Samsung,8.0,1024.0,3.89,,Used,2023.0,1150.25
Dell,8.0,256.0,3.18,16.0,Used,2022.0,842.43
Apple,4.0,1024.0,2.2,16.0,Refurbished,2024.0,1692.95
Apple,16.0,512.0,2.99,15.6,Used,2020.0,1719.64
MSI,16.0,256.0,4.05,14.0,New,2023.0,1613.4
HP,8.0,1024.0,2.77,,Refurbished,2017.0,1109.81
Asus,32.0,256.0,2.49,13.3,Used,2018.0,1265.36
HP,4.0,128.0,,17.0,New,2020.0,1126.39
Asus,,256.0,2.18,17.0,New,2023.0,1301.53
Lenovo,8.0,256.0,2.96,17.0,,2020.0,1288.42
Samsung,8.0,512.0,3.64,17.0,New,2017.0,1218.2
MSI,16.0,128.0,3.16,17.0,Refurbished,2020.0,1084.49
MSI,32.0,512.0,4.18,17.0,New,2019.0,1953.1
Apple,4.0,256.0,,13.3,Used,2022.0,1299.84
Lenovo,8.0,,3.96,16.0,New,2021.0,1880.2
Samsung,8.0,512.0,2.85,16.0,Used,2020.0,763.3
Lenovo,16.0,512.0,2.68,16.0,Used,2024.0,1067.89
Asus,8.0,128.0,4.07,15.6,Used,2023.0,976.98
Asus,4.0,256.0,3.78,13.3,New,2018.0,1103.46
MSI,8.0,1024.0,3.25,13.3,Used,2019.0,1041.63
Asus,64.0,2048.0,3.22,17.0,Used,2018.0,2330.61
HP,8.0,,2.45,13.3,Refurbished,2021.0,917.47
Samsung,16.0,,2.25,14.0,Used,2022.0,923.59
Acer,32.0,256.0,3.8,16.0,Used,2022.0,1438.53
MSI,,512.0,3.36,14.0,Used,2023.0,1049.29
Acer,16.0,2048.0,3.34,14.0,New,2019.0,2020.14
Dell,16.0,512.0,2.87,14.0,Refurbished,2021.0,1143.03
Asus,8.0,1024.0,3.08,16.0,New,2021.0,1448.46
Asus,8.0,512.0,2.75,13.3,Used,2024.0,1009.63
MSI,8.0,512.0,2.4,16.0,New,2019.0,1088.04
Samsung,8.0,256.0,,17.0,New,2018.0,1042.04
Asus,4.0,512.0,3.18,16.0,New,2018.0,991.44
Lenovo,,512.0,3.38,15.6,Refurbished,2021.0,916.43
Dell,8.0,1024.0,,17.0,Refurbished,2023.0,1338.4
HP,16.0,512.0,3.59,14.0,New,2024.0,1329.37
Lenovo,16.0,1024.0,3.13,16.0,New,2018.0,1394.83
Samsung,8.0,256.0,2.04,13.3,Used,2022.0,623.33
HP,16.0,256.0,2.75,13.3,Used,2019.0,869.72
Apple,16.0,512.0,3.64,13.3,Used,2018.0,1828.51
Dell,8.0,1024.0,3.34,15.6,New,2021.0,1535.99
Asus,8.0,256.0,2.54,16.0,Refurbished,2022.0,929.81
Acer,32.0,128.0,3.85,15.6,Used,2024.0,1440.06
Lenovo,32.0,1024.0,2.57,15.6,Used,2018.0,1479.71
MSI,,512.0,3.84,17.0,New,2022.0,1476.44
Apple,8.0,256.0,3.34,17.0,Used,2023.0,1507.31
Apple,8.0,512.0,2.81,14.0,Used,2018.0,1124.73
Asus,4.0,256.0,3.04,15.6,New,2017.0,964.43
Asus,32.0,2048.0,2.27,,Refurbished,2020.0,2038.11
Samsung,16.0,1024.0,2.31,13.3,Used,2020.0,1100.32
Acer,32.0,256.0,2.52,14.0,Refurbished,2017.0,1243.02
Samsung,16.0,512.0,3.98,17.0,New,2023.0,1756.11
MSI,16.0,256.0,3.98,14.0,Used,2024.0,1184.28
Acer,32.0,512.0,2.74,16.0,Used,2021.0,1214.96
Dell,16.0,1024.0,3.73,13.3,New,2021.0,1640.58
Apple,16.0,512.0,3.93,,New,2021.0,2348.91
MSI,8.0,,3.33,17.0,Used,2021.0,1031.43
HP,4.0,512.0,3.24,14.0,New,2021.0,1032.94
Apple,8.0,1024.0,3.28,14.0,Refurbished,2020.0,1760.7
Samsung,32.0,1024.0,3.24,16.0,Used,2021.0,1511.71
Samsung,16.0,512.0,2.82,13.3,,2021.0,983.18
Apple,8.0,1024.0,3.91,15.6,Used,2021.0,1671.02
,4.0,256.0,3.77,17.0,Used,2019.0,867.8
Lenovo,32.0,512.0,3.06,15.6,Used,2019.0,1109.63
Lenovo,16.0,256.0,2.39,16.0,Used,2024.0,1127.89
Lenovo,16.0,128.0,3.46,13.3,Refurbished,2017.0,905.77
Apple,8.0,128.0,4.19,13.3,New,2024.0,1978.01
Lenovo,16.0,256.0,3.03,13.3,New,,1346.1
Samsung,16.0,128.0,3.71,14.0,Used,2020.0,929.06
Lenovo,8.0,256.0,3.9,15.6,New,2018.0,688.22
Lenovo,16.0,256.0,2.06,16.0,Used,2023.0,966.67
MSI,8.0,256.0,3.11,,Used,2019.0,781.65
Lenovo,16.0,256.0,2.22,15.6,Refurbished,2020.0,905.31
MSI,,128.0,3.39,13.3,New,2019.0,1094.91
Samsung,8.0,512.0,2.93,14.0,Refurbished,2021.0,898.81
HP,8.0,128.0,3.83,17.0,Used,2022.0,849.63
Dell,8.0,256.0,4.09,16.0,New,2018.0,1177.34
MSI,16.0,256.0,2.05,13.3,Used,2021.0,897.02
Dell,8.0,256.0,3.84,,,2021.0,1168.43
Lenovo,32.0,512.0,3.79,13.3,New,2017.0,1649.2
Asus,16.0,1024.0,2.45,14.0,New,2019.0,1668.06
Dell,16.0,512.0,3.84,17.0,New,2018.0,1614.06
Acer,,256.0,,15.6,New,2019.0,949.42
Samsung,,1024.0,3.59,,,2023.0,1204.96
MSI,64.0,,3.06,14.0,New,2020.0,2513.63
,16.0,512.0,2.74,14.0,Used,,892.44
Dell,8.0,256.0,3.55,14.0,Used,2019.0,868.78
Apple,64.0,128.0,2.23,17.0,New,2019.0,3574.07
Dell,8.0,2048.0,2.98,16.0,Used,2024.0,1537.35
Dell,16.0,512.0,3.87,13.3,Refurbished,2020.0,1382.56
MSI,16.0,128.0,3.47,14.0,Used,2017.0,892.64
HP,,256.0,3.61,15.6,Refurbished,2018.0,789.13
Lenovo,32.0,512.0,3.9,15.6,,2018.0,1980.54
Samsung,8.0,256.0,2.17,17.0,Used,2018.0,808.87
MSI,8.0,512.0,3.77,16.0,Used,2017.0,888.48
Asus,16.0,256.0,2.05,14.0,Refurbished,2019.0,1125.42
MSI,8.0,256.0,4.05,15.6,Refurbished,2020.0,1029.76
Samsung,32.0,2048.0,3.69,,,2020.0,2398.37
Asus,16.0,128.0,3.03,14.0,New,2022.0,1113.84
Asus,64.0,256.0,2.85,16.0,New,2018.0,2470.8
Asus,16.0,128.0,2.92,15.6,Refurbished,,1094.5
Asus,8.0,128.0,2.84,13.3,New,2019.0,1149.53
Samsung,8.0,128.0,4.13,13.3,Used,2020.0,990.2
Acer,64.0,1024.0,3.02,,New,,2863.51
Dell,16.0,512.0,2.2,13.3,New,2019.0,1297.02
Asus,16.0,256.0,2.56,15.6,Used,2018.0,964.22
HP,4.0,256.0,3.5,17.0,Refurbished,2018.0,480.0
Asus,,512.0,3.46,15.6,Refurbished,2017.0,1378.34
Acer,16.0,1024.0,2.54,15.6,Refurbished,2017.0,1088.11
Asus,16.0,512.0,3.66,17.0,Refurbished,2018.0,1117.66
,4.0,1024.0,2.28,15.6,New,2023.0,1373.44
Acer,16.0,256.0,2.42,17.0,Used,2017.0,799.2
Dell,16.0,256.0,3.39,17.0,Used,2022.0,1178.67
Apple,16.0,1024.0,2.23,16.0,New,2020.0,2218.26
HP,32.0,256.0,3.7,13.3,Used,2017.0,1169.26
Lenovo,8.0,512.0,2.05,15.6,Used,2023.0,1069.57
MSI,32.0,256.0,2.0,14.0,New,2021.0,1603.07
,16.0,256.0,2.18,16.0,,2019.0,970.43
Lenovo,64.0,256.0,,17.0,Refurbished,2021.0,2030.76
Dell,8.0,256.0,2.71,14.0,New,2024.0,1396.82
Dell,,256.0,,,Refurbished,2022.0,1238.76
HP,16.0,512.0,2.29,17.0,Refurbished,2018.0,932.62
Lenovo,8.0,512.0,2.0,13.3,Used,2020.0,663.61
Dell,8.0,512.0,2.72,14.0,Used,2019.0,797.45
Samsung,16.0,128.0,2.16,14.0,Used,2023.0,1011.46
Dell,,512.0,2.09,15.6,New,2017.0,1714.56
Apple,64.0,256.0,3.1,16.0,Used,2018.0,2735.89
Dell,8.0,128.0,2.17,14.0,Refurbished,2018.0,635.75
Acer,16.0,1024.0,2.09,16.0,New,2019.0,1654.6
MSI,16.0,512.0,3.92,14.0,Used,2020.0,1238.38
Acer,16.0,512.0,3.45,16.0,Used,,1333.37
Dell,8.0,256.0,3.59,,New,2021.0,1120.5
Dell,32.0,256.0,4.15,16.0,Used,2021.0,1458.48
Lenovo,8.0,128.0,3.44,17.0,Refurbished,2017.0,951.59
Lenovo,16.0,256.0,3.5,17.0,Used,2023.0,1088.64
Acer,64.0,256.0,3.86,17.0,New,2020.0,2405.37
Acer,64.0,128.0,3.91,13.3,Used,2021.0,2063.73
MSI,32.0,256.0,2.61,15.6,New,2021.0,1496.38
Apple,8.0,512.0,3.84,13.3,New,2024.0,2441.16
HP,8.0,2048.0,2.4,17.0,New,2017.0,1442.35
Acer,4.0,,3.3,13.3,Used,2023.0,808.43
Dell,8.0,1024.0,2.02,13.3,Used,2024.0,960.48
Apple,64.0,512.0,2.52,15.6,Used,2024.0,2747.0
Acer,,,3.29,16.0,Used,2024.0,988.28
Acer,8.0,128.0,3.62,17.0,Used,2017.0,788.57
Apple,32.0,512.0,3.19,,New,2018.0,2683.81
Dell,16.0,1024.0,2.09,15.6,Used,2021.0,1299.22
Apple,64.0,2048.0,2.01,14.0,New,2021.0,4804.54
Dell,16.0,256.0,3.15,16.0,Used,2023.0,988.34
MSI,8.0,256.0,,17.0,Used,2021.0,969.68
MSI,8.0,512.0,,14.0,New,2022.0,1644.01
Samsung,32.0,512.0,,13.3,Used,2017.0,1163.16
Dell,8.0,512.0,2.87,17.0,Used,,1042.36
Dell,4.0,256.0,2.24,14.0,,2022.0,698.19
Apple,16.0,1024.0,3.68,13.3,New,2021.0,2514.29
Acer,16.0,256.0,3.39,14.0,New,2021.0,1374.27
Lenovo,8.0,256.0,2.52,13.3,Used,2022.0,831.12
,16.0,512.0,3.1,17.0,Refurbished,2024.0,1268.87
HP,16.0,128.0,2.75,16.0,New,2024.0,1493.91
MSI,8.0,512.0,3.64,16.0,,2021.0,1363.71
Asus,8.0,128.0,3.42,16.0,Refurbished,2020.0,908.59
HP,8.0,512.0,3.15,15.6,Refurbished,2020.0,1083.89
Lenovo,16.0,128.0,3.58,14.0,New,2020.0,1301.77
MSI,16.0,256.0,3.16,13.3,Used,2018.0,1021.75
Samsung,64.0,512.0,3.77,13.3,New,2021.0,2756.84
MSI,16.0,512.0,3.31,,New,2018.0,1348.71
Samsung,8.0,1024.0,3.98,13.3,,2021.0,1658.58
Apple,8.0,512.0,2.21,,New,2023.0,1665.67
HP,8.0,256.0,3.91,13.3,New,2017.0,988.9
Lenovo,16.0,512.0,2.51,17.0,Used,2022.0,985.1
Dell,64.0,256.0,3.53,15.6,Used,2021.0,2031.87
MSI,8.0,1024.0,3.33,14.0,Refurbished,2021.0,1352.93
Acer,8.0,512.0,3.31,13.3,New,2019.0,1304.43
Asus,16.0,128.0,3.76,15.6,,2024.0,976.66
Acer,16.0,512.0,2.51,14.0,New,2022.0,1378.78
Acer,16.0,512.0,3.02,16.0,New,2021.0,1373.76
Asus,16.0,512.0,2.38,14.0,New,,900.13
MSI,8.0,256.0,,16.0,New,2022.0,1254.08
Asus,4.0,256.0,3.73,13.3,Used,2020.0,853.48
Acer,8.0,256.0,2.75,13.3,New,2019.0,1110.2
Dell,16.0,256.0,2.87,14.0,Used,2023.0,1073.01
MSI,64.0,1024.0,2.46,13.3,New,2018.0,2564.14
Asus,8.0,1024.0,3.91,15.6,Used,2020.0,1079.44
Lenovo,8.0,512.0,2.76,16.0,Used,2018.0,902.8
Dell,16.0,512.0,2.69,13.3,Used,2022.0,1011.49
Lenovo,8.0,256.0,2.81,17.0,New,2017.0,1071.41
MSI,,512.0,4.12,16.0,New,2022.0,2764.34
MSI,,256.0,3.36,16.0,New,2023.0,1531.51
Lenovo,16.0,256.0,2.47,15.6,Used,2023.0,957.87
Dell,,256.0,2.39,16.0,Used,2020.0,877.42
MSI,8.0,256.0,2.49,17.0,Used,2020.0,823.25
Asus,32.0,256.0,,15.6,,2022.0,1340.71
MSI,16.0,512.0,2.02,14.0,New,2021.0,1231.65
MSI,16.0,256.0,3.84,17.0,Refurbished,2018.0,1164.68
Asus,64.0,512.0,2.24,16.0,Used,2021.0,1800.32
,8.0,512.0,3.78,17.0,New,2022.0,2060.38
HP,16.0,1024.0,4.1,13.3,Used,2017.0,1133.94
Asus,8.0,1024.0,2.56,17.0,Used,2023.0,1271.94
HP,8.0,512.0,2.5,,New,2024.0,1264.19
Samsung,4.0,128.0,3.58,17.0,Used,2019.0,758.93
Samsung,4.0,512.0,2.85,16.0,New,2023.0,1067.6
Asus,16.0,512.0,2.58,16.0,Refurbished,2024.0,1097.32
Samsung,8.0,2048.0,3.47,15.6,New,2022.0,1916.24
Dell,16.0,128.0,4.13,,New,2019.0,1332.71
Samsung,8.0,512.0,4.02,16.0,New,2018.0,1304.02
MSI,4.0,256.0,3.21,,Used,2022.0,789.27
Apple,,256.0,2.43,13.3,Used,2019.0,912.94
MSI,32.0,1024.0,2.55,17.0,New,,2171.86
Samsung,16.0,512.0,2.4,15.6,New,2022.0,1446.76
Lenovo,64.0,512.0,2.33,16.0,Used,2019.0,1797.18
Asus,16.0,512.0,2.65,15.6,New,2022.0,1468.24
Samsung,8.0,256.0,3.23,13.3,Used,,870.77
Dell,8.0,256.0,3.94,14.0,New,2018.0,1196.31
Lenovo,8.0,256.0,3.72,16.0,Used,2018.0,876.65
HP,32.0,1024.0,2.02,13.3,Refurbished,2017.0,1589.64
MSI,8.0,1024.0,4.19,16.0,New,2020.0,1636.48
Apple,16.0,256.0,2.3,17.0,New,2023.0,2217.58
Apple,8.0,1024.0,3.12,15.6,New,2024.0,2251.86
HP,16.0,512.0,3.33,14.0,Used,2019.0,1100.85
Dell,16.0,256.0,3.53,16.0,Used,2022.0,1027.39
Asus,16.0,512.0,2.97,16.0,New,2017.0,1170.01
Apple,4.0,1024.0,3.69,13.3,Refurbished,2021.0,1758.44
Dell,8.0,512.0,3.73,15.6,Used,2023.0,1015.3
Dell,64.0,,,14.0,,2021.0,2671.85
Lenovo,4.0,1024.0,2.6,13.3,Refurbished,2019.0,1112.27
Asus,16.0,512.0,2.96,17.0,Used,2018.0,972.45
Apple,4.0,1024.0,4.0,,New,2017.0,1972.76
Apple,8.0,1024.0,3.04,17.0,New,2020.0,1923.98
HP,8.0,,,16.0,Used,2018.0,800.12
HP,32.0,256.0,2.34,16.0,,2020.0,1516.82
HP,32.0,256.0,3.17,13.3,Used,2022.0,1346.59
,32.0,256.0,3.82,13.3,Used,2021.0,1360.71
HP,8.0,512.0,2.42,13.3,Used,2017.0,678.99
Dell,32.0,512.0,3.15,17.0,New,2020.0,2018.32
HP,16.0,512.0,3.21,14.0,New,2022.0,1451.6
Asus,32.0,1024.0,3.47,14.0,Refurbished,2019.0,1813.93
Asus,16.0,256.0,3.73,16.0,New,2019.0,1262.48
Apple,16.0,512.0,3.66,17.0,Used,2020.0,1561.61
Apple,8.0,1024.0,3.23,16.0,Used,2023.0,1620.75
Lenovo,32.0,512.0,3.1,16.0,Used,2019.0,1335.44
HP,4.0,256.0,2.43,16.0,Used,2024.0,927.36
,16.0,512.0,2.87,14.0,,2020.0,1274.32
Acer,16.0,256.0,3.89,15.6,Refurbished,2019.0,1096.18
Asus,16.0,1024.0,2.69,15.6,Refurbished,2020.0,1272.04
Lenovo,16.0,2048.0,2.92,17.0,Used,2021.0,1572.29
Lenovo,16.0,512.0,3.96,17.0,Refurbished,2020.0,1213.22
Asus,8.0,,2.24,16.0,New,2019.0,1301.61
Dell,8.0,512.0,3.82,16.0,Used,2024.0,1155.79
Asus,8.0,,3.58,15.6,New,2017.0,892.72
Lenovo,16.0,512.0,2.78,17.0,Used,2022.0,1148.58
MSI,8.0,128.0,3.63,14.0,New,2024.0,1313.15
Dell,32.0,256.0,,16.0,Refurbished,2023.0,1479.69
Acer,,128.0,3.68,17.0,Used,2022.0,891.71
Dell,16.0,512.0,2.57,13.3,Refurbished,2019.0,1115.39
MSI,8.0,256.0,2.83,16.0,New,2022.0,1182.35
Acer,16.0,128.0,2.93,14.0,Refurbished,2022.0,1092.41
Samsung,16.0,2048.0,3.82,15.6,Used,2020.0,1581.2
Dell,8.0,1024.0,2.62,16.0,New,2022.0,1452.52
Asus,16.0,128.0,2.53,13.3,Used,2017.0,845.44
Dell,4.0,1024.0,3.87,13.3,,2022.0,1350.69
Dell,64.0,512.0,3.17,13.3,New,2020.0,2596.61
Asus,8.0,256.0,3.07,17.0,New,2021.0,1290.23
Dell,16.0,1024.0,3.93,13.3,New,2023.0,1587.0
Apple,16.0,,2.75,16.0,Used,2024.0,1507.33
Asus,16.0,512.0,3.55,16.0,Used,2020.0,1073.45
Asus,64.0,256.0,2.6,15.6,Used,2017.0,1664.41
Samsung,16.0,128.0,2.56,13.3,New,2022.0,1214.98
Samsung,16.0,256.0,3.04,13.3,Used,2022.0,826.54
Dell,4.0,,2.08,16.0,New,2023.0,1040.3
Acer,8.0,128.0,2.61,17.0,New,2017.0,1045.25
Samsung,16.0,1024.0,3.26,17.0,Used,2022.0,1226.84
Apple,,1024.0,3.48,17.0,Used,2024.0,1851.25
Dell,32.0,2048.0,3.81,13.3,Used,2023.0,2022.51
Dell,,512.0,2.25,13.3,Used,2018.0,946.52
Asus,8.0,256.0,3.65,13.3,Used,2019.0,873.62
MSI,,512.0,3.95,17.0,New,2018.0,1418.6
Lenovo,32.0,512.0,3.92,16.0,Used,2021.0,1355.96
Dell,16.0,512.0,2.99,17.0,,2021.0,1456.63
Asus,32.0,256.0,3.03,13.3,New,2021.0,1631.45
Lenovo,4.0,512.0,3.9,16.0,New,2024.0,1575.84
Lenovo,16.0,512.0,3.67,15.6,Used,2018.0,1018.88
,16.0,256.0,2.37,17.0,Used,2021.0,1415.04
,16.0,1024.0,2.75,14.0,Used,2020.0,1201.48
Dell,16.0,512.0,2.8,16.0,Used,2022.0,1207.47
Dell,8.0,256.0,4.14,15.6,Used,2021.0,909.63
Acer,32.0,256.0,2.87,15.6,New,2021.0,1699.65
Acer,8.0,1024.0,2.81,16.0,New,2023.0,1511.89
Dell,64.0,256.0,4.11,16.0,New,,2783.9
Samsung,16.0,,3.05,17.0,Used,2022.0,1637.98
Lenovo,8.0,256.0,2.43,13.3,Used,2023.0,793.58
Apple,8.0,1024.0,3.2,13.3,Used,2024.0,1680.72
Asus,64.0,1024.0,3.37,13.3,,2019.0,2133.58
Asus,16.0,256.0,,17.0,Used,2019.0,1049.22
HP,16.0,512.0,,17.0,Used,2023.0,1133.74
Apple,4.0,512.0,3.03,14.0,Refurbished,,1224.83
Apple,16.0,1024.0,3.3,14.0,Used,2019.0,1860.8
Dell,16.0,256.0,3.33,13.3,New,2017.0,1328.27
MSI,16.0,1024.0,3.05,13.3,New,2021.0,1578.17
Dell,16.0,256.0,2.53,15.6,Used,2021.0,1033.69
Acer,16.0,512.0,3.52,14.0,Used,2021.0,1178.92
Samsung,32.0,256.0,3.61,13.3,Used,2019.0,1225.74
MSI,4.0,256.0,3.39,17.0,New,2024.0,1311.99
Asus,32.0,1024.0,3.95,15.6,Used,2024.0,1840.76
Acer,8.0,256.0,2.15,15.6,Used,2022.0,737.15
Apple,16.0,512.0,2.01,15.6,Used,,1514.35
HP,16.0,512.0,,14.0,Used,2024.0,1101.25
,8.0,1024.0,,15.6,New,2023.0,1316.3
Dell,8.0,128.0,2.47,15.6,Used,2022.0,778.27
MSI,32.0,512.0,2.99,14.0,Used,2022.0,1409.07
Acer,16.0,256.0,2.67,16.0,New,2023.0,1313.8
Samsung,8.0,512.0,2.63,14.0,Used,2023.0,881.44
Samsung,16.0,1024.0,3.28,13.3,New,2020.0,1608.05
Dell,4.0,1024.0,3.82,15.6,New,2019.0,1378.92
HP,32.0,256.0,4.0,16.0,Used,2017.0,1364.69
HP,,512.0,4.05,13.3,Used,2018.0,798.05
Lenovo,16.0,2048.0,3.67,13.3,Used,2017.0,1402.18
,8.0,512.0,3.4,17.0,New,2021.0,1001.77
Samsung,8.0,512.0,2.46,15.6,New,2020.0,1122.38
MSI,16.0,256.0,3.81,14.0,New,2017.0,1296.7
Acer,8.0,512.0,3.34,14.0,New,2024.0,1451.15
MSI,8.0,512.0,4.14,16.0,New,2024.0,1787.66
Asus,8.0,256.0,2.13,14.0,Used,2023.0,726.69
,16.0,256.0,4.0,14.0,New,2020.0,1289.31
Apple,16.0,128.0,3.02,16.0,New,2018.0,1960.56
Acer,16.0,512.0,2.59,13.3,Used,,949.8
HP,16.0,1024.0,2.26,17.0,New,2023.0,1772.54
HP,8.0,,3.26,15.6,,2021.0,1006.82
Samsung,8.0,256.0,3.98,17.0,New,2018.0,1221.24
HP,,512.0,3.04,14.0,,2024.0,1156.58
MSI,16.0,512.0,2.45,14.0,New,2018.0,1256.48
Dell,16.0,,3.27,15.6,Refurbished,2024.0,1213.31
Apple,,1024.0,4.08,16.0,Used,2023.0,2293.39
Dell,16.0,512.0,4.05,16.0,Used,2019.0,1101.53
Acer,16.0,256.0,3.1,17.0,Refurbished,2022.0,1129.77
Acer,32.0,512.0,,17.0,Used,2019.0,1323.53
Apple,32.0,512.0,2.3,15.6,Used,2019.0,1708.81
MSI,8.0,2048.0,2.43,15.6,Used,2024.0,1278.77
Dell,32.0,256.0,2.47,14.0,Refurbished,2020.0,1414.62
Apple,16.0,1024.0,4.08,15.6,New,,2812.52
Samsung,8.0,256.0,3.01,13.3,New,2024.0,1077.4
HP,16.0,512.0,2.03,14.0,Used,2020.0,831.26
Apple,8.0,512.0,3.78,17.0,New,2021.0,2116.41
Lenovo,,128.0,3.98,15.6,Refurbished,2017.0,1252.48
Asus,4.0,128.0,2.98,14.0,New,2018.0,646.41
Asus,8.0,512.0,2.79,16.0,Used,2017.0,788.48
Lenovo,16.0,256.0,4.1,14.0,Used,2017.0,877.45
Asus,8.0,512.0,3.24,17.0,Used,,848.84
MSI,32.0,1024.0,3.96,17.0,Used,2023.0,1699.2
HP,32.0,512.0,2.45,13.3,New,2024.0,1817.85
Dell,8.0,256.0,3.93,13.3,Used,2024.0,1042.7
Lenovo,32.0,,3.53,14.0,Used,2018.0,1251.85
Samsung,8.0,,2.86,17.0,Used,2017.0,1049.33
Asus,8.0,512.0,2.12,14.0,New,2023.0,1058.73
Lenovo,32.0,128.0,2.42,16.0,New,2023.0,1561.3
Apple,16.0,1024.0,2.93,,Refurbished,2021.0,2186.41
Acer,8.0,256.0,4.2,16.0,Refurbished,2024.0,1246.06
Acer,8.0,512.0,3.45,15.6,Used,2018.0,798.86
MSI,,256.0,3.38,13.3,New,2024.0,1533.7
Apple,16.0,256.0,3.23,13.3,Used,2017.0,1156.85
MSI,16.0,512.0,4.03,14.0,Used,2022.0,1167.51
Dell,8.0,1024.0,2.43,17.0,New,2020.0,1468.18
MSI,8.0,512.0,2.69,14.0,New,2024.0,1410.11
Samsung,16.0,256.0,2.06,16.0,New,2022.0,1077.46
Lenovo,16.0,512.0,3.18,15.6,Used,,1057.17
Lenovo,16.0,256.0,4.12,15.6,Refurbished,2024.0,1296.54
MSI,8.0,1024.0,3.1,15.6,Refurbished,2023.0,1210.46
Lenovo,16.0,256.0,2.36,13.3,Used,2022.0,841.03
Apple,16.0,256.0,3.61,17.0,New,2019.0,1925.16
Dell,8.0,256.0,3.51,17.0,New,2022.0,1308.53
Asus,16.0,512.0,2.26,15.6,Used,2021.0,992.69
Samsung,64.0,256.0,4.07,13.3,Refurbished,2018.0,2178.03
HP,64.0,256.0,2.89,17.0,New,2020.0,2484.12
Dell,8.0,512.0,2.16,15.6,New,2017.0,1059.13
Samsung,16.0,2048.0,,15.6,New,2022.0,2288.58
Apple,8.0,128.0,3.32,16.0,New,2018.0,1713.58
Samsung,16.0,512.0,2.55,14.0,Refurbished,2017.0,1124.07
Lenovo,8.0,256.0,4.08,15.6,Refurbished,2019.0,1062.27
Acer,16.0,256.0,2.03,16.0,Refurbished,2017.0,1030.2
Apple,32.0,,3.6,14.0,Used,2022.0,2049.27
,32.0,128.0,3.78,16.0,Used,2017.0,1195.41
Lenovo,4.0,512.0,,13.3,Used,2018.0,727.08
Dell,32.0,128.0,4.01,13.3,New,2021.0,1807.02
Lenovo,8.0,128.0,3.01,15.6,,2017.0,848.79
Samsung,8.0,1024.0,2.84,16.0,Refurbished,,1231.76
Samsung,8.0,512.0,3.63,15.6,Used,2019.0,884.38
Asus,16.0,512.0,2.59,16.0,Refurbished,2021.0,1327.68
Dell,4.0,512.0,2.9,14.0,New,2020.0,1062.54
HP,16.0,1024.0,2.14,14.0,Used,2024.0,1341.79
Lenovo,16.0,,3.3,17.0,Used,2024.0,1079.42
HP,8.0,1024.0,2.25,17.0,New,2018.0,1412.84
Apple,16.0,1024.0,3.79,,Used,2020.0,1770.15
Apple,8.0,512.0,2.56,17.0,New,2020.0,1526.93
Samsung,16.0,256.0,4.01,17.0,,2018.0,1174.38
Samsung,32.0,256.0,2.86,15.6,Used,2023.0,1273.45
Acer,16.0,512.0,3.95,16.0,Refurbished,2019.0,1226.77
Dell,8.0,512.0,2.39,16.0,New,2023.0,1237.12
Asus,8.0,128.0,3.58,16.0,Used,2022.0,707.58
Acer,8.0,1024.0,2.53,14.0,Used,2019.0,1011.99
Apple,8.0,256.0,2.68,15.6,New,2022.0,1715.26
Asus,8.0,512.0,3.92,15.6,Used,2023.0,1105.95
HP,8.0,512.0,2.91,13.3,Used,2024.0,999.73
Asus,8.0,256.0,,14.0,Used,2021.0,799.33
Asus,16.0,512.0,3.7,17.0,Used,,1412.47
Asus,8.0,512.0,3.94,16.0,Used,2024.0,1000.62
,16.0,1024.0,,16.0,New,2017.0,1538.9
Lenovo,32.0,1024.0,3.03,17.0,Used,2017.0,1700.87
Samsung,4.0,256.0,2.46,16.0,New,2024.0,1014.8
HP,16.0,2048.0,2.51,,Used,2021.0,1519.32
Lenovo,8.0,256.0,2.82,15.6,Used,2020.0,958.65
HP,8.0,,2.83,14.0,Used,2017.0,903.94
Dell,4.0,1024.0,3.7,13.3,Used,2017.0,1053.14
Asus,8.0,512.0,3.67,15.6,Used,2024.0,1110.72
Apple,16.0,256.0,2.43,16.0,New,2018.0,1751.51
Lenovo,8.0,512.0,3.88,17.0,Used,2018.0,950.82
Apple,16.0,512.0,2.6,15.6,New,2021.0,2007.51
Apple,16.0,512.0,3.23,14.0,Used,2020.0,1387.95
Lenovo,32.0,512.0,3.75,13.3,New,2022.0,1840.24
Acer,8.0,256.0,3.53,,Used,2023.0,1030.56
Acer,4.0,512.0,3.81,16.0,Used,2020.0,803.23
Dell,16.0,256.0,2.91,15.6,Used,2020.0,781.56
Samsung,32.0,512.0,2.94,15.6,Used,2023.0,1457.86
Lenovo,32.0,512.0,4.13,15.6,Refurbished,2019.0,1635.69
Asus,16.0,1024.0,3.89,17.0,Used,2023.0,1368.54
Dell,64.0,1024.0,3.87,15.6,New,2020.0,2839.55
Samsung,8.0,128.0,2.04,14.0,Used,2020.0,775.93
Samsung,8.0,256.0,2.86,,Refurbished,2023.0,1222.31
Lenovo,8.0,,,16.0,Used,2023.0,1006.59
Lenovo,,256.0,3.09,13.3,Used,2022.0,828.15
Dell,16.0,1024.0,3.83,15.6,Used,2018.0,1164.65
Lenovo,16.0,512.0,2.61,15.6,Used,2023.0,1111.81
Apple,8.0,256.0,2.09,14.0,Used,2021.0,1104.41
Samsung,32.0,2048.0,3.18,14.0,Used,2021.0,1723.98
HP,16.0,256.0,4.03,14.0,Used,,1005.08
Samsung,4.0,256.0,4.01,16.0,Refurbished,2024.0,1067.17
Acer,16.0,256.0,3.9,15.6,Used,2024.0,1113.01
,16.0,2048.0,3.02,17.0,New,2020.0,1945.22
Apple,4.0,2048.0,3.8,14.0,Refurbished,2019.0,2444.6
MSI,8.0,256.0,3.03,14.0,New,2023.0,1226.86
Asus,,2048.0,,16.0,New,2024.0,2158.8
Asus,8.0,256.0,2.56,13.3,New,2021.0,906.45
Samsung,64.0,256.0,3.98,14.0,New,2023.0,2812.13
Acer,8.0,512.0,3.11,15.6,New,2020.0,1384.07
Acer,32.0,256.0,4.17,14.0,Used,2018.0,1221.84
Acer,,512.0,3.47,13.3,Refurbished,2023.0,1171.46
MSI,16.0,1024.0,4.18,13.3,Refurbished,2018.0,1384.08
Samsung,16.0,512.0,3.51,16.0,New,2019.0,1247.38
Samsung,8.0,256.0,3.0,13.3,Used,2024.0,942.63
Dell,16.0,1024.0,2.89,16.0,Used,2017.0,986.84
Asus,16.0,256.0,3.26,16.0,New,2019.0,1210.65
HP,32.0,512.0,3.27,13.3,Used,2024.0,1421.63
Lenovo,32.0,,2.74,15.6,Used,2023.0,1786.45
MSI,8.0,128.0,,14.0,New,2020.0,1403.66
Asus,8.0,256.0,3.22,17.0,New,2018.0,1065.85
Lenovo,8.0,1024.0,3.03,13.3,Used,2021.0,1113.87
Samsung,16.0,512.0,3.13,17.0,Used,2021.0,1075.82
Lenovo,4.0,256.0,2.75,15.6,Used,2017.0,795.53
Apple,16.0,512.0,2.11,16.0,New,2017.0,1967.93
Dell,16.0,512.0,2.47,16.0,Used,2022.0,1038.72
,16.0,256.0,2.38,13.3,Used,2018.0,961.87
Lenovo,16.0,256.0,3.22,17.0,Used,2023.0,1031.25
Samsung,8.0,128.0,2.04,15.6,Used,2017.0,546.13
Samsung,4.0,2048.0,3.47,15.6,Used,2019.0,1143.49
Dell,16.0,256.0,2.65,17.0,Refurbished,2020.0,1140.41
Apple,64.0,128.0,3.58,13.3,New,2020.0,3681.55
Acer,16.0,256.0,,15.6,Used,2018.0,933.89
MSI,64.0,1024.0,3.0,16.0,New,2023.0,2863.62
Samsung,16.0,256.0,2.75,17.0,Used,2018.0,776.07
Lenovo,32.0,1024.0,,13.3,New,2020.0,2155.46
Dell,16.0,256.0,2.89,14.0,Refurbished,2023.0,1065.9
Samsung,8.0,256.0,2.41,14.0,,2020.0,655.53
Dell,32.0,256.0,3.07,16.0,New,2023.0,1913.89
Samsung,8.0,512.0,3.99,16.0,Used,,1108.69
Lenovo,32.0,1024.0,3.25,15.6,Used,2018.0,1501.2
Asus,4.0,128.0,2.8,15.6,Refurbished,2021.0,861.87
,4.0,512.0,3.63,16.0,Used,2019.0,762.13
HP,16.0,512.0,3.23,17.0,Used,,1021.27
Acer,8.0,2048.0,2.95,14.0,New,2020.0,1786.0
Acer,8.0,512.0,2.56,14.0,New,2021.0,1105.89
MSI,32.0,512.0,2.77,,New,2018.0,1694.13
Samsung,16.0,1024.0,2.49,17.0,Used,2021.0,1165.14
Lenovo,16.0,256.0,2.45,16.0,New,2022.0,1289.36
HP,4.0,512.0,2.9,15.6,Used,2018.0,680.8
Apple,16.0,512.0,2.15,16.0,New,2019.0,2064.94
Apple,16.0,256.0,3.83,17.0,Used,2023.0,1893.93
Lenovo,64.0,256.0,3.65,14.0,Used,2021.0,1927.9
,16.0,128.0,4.0,16.0,Used,2020.0,1439.63
Samsung,32.0,512.0,2.51,15.6,New,2023.0,1894.43
Samsung,16.0,256.0,2.7,15.6,New,2022.0,1301.69
HP,4.0,512.0,2.88,,Used,2021.0,848.18
Acer,8.0,1024.0,3.06,13.3,New,2020.0,1335.15
Acer,8.0,128.0,2.6,15.6,Used,2024.0,853.4
Dell,8.0,1024.0,3.8,15.6,Refurbished,2020.0,1310.66
Acer,16.0,256.0,4.18,15.6,Refurbished,2020.0,1346.3
Dell,8.0,256.0,2.14,17.0,New,2023.0,1249.73
,16.0,256.0,2.35,17.0,Used,2023.0,1564.96
Dell,16.0,256.0,3.77,13.3,,2020.0,1040.98
Samsung,8.0,256.0,2.05,17.0,Refurbished,2023.0,904.03
Samsung,8.0,128.0,4.04,15.6,New,2017.0,981.13
Lenovo,8.0,128.0,3.28,13.3,Used,2023.0,949.95
Apple,8.0,2048.0,3.2,15.6,Used,2023.0,2051.12
MSI,16.0,256.0,3.13,16.0,Used,2022.0,998.83
Dell,8.0,1024.0,4.05,16.0,Used,2021.0,1123.17
MSI,32.0,128.0,2.46,14.0,Used,2020.0,905.67
Lenovo,16.0,512.0,3.22,17.0,Used,2024.0,1159.67
Asus,16.0,256.0,2.33,16.0,Used,2024.0,993.91
Apple,,256.0,3.77,15.6,Used,2021.0,1619.74
Apple,32.0,1024.0,2.65,15.6,Used,,2325.65
Apple,16.0,1024.0,2.87,16.0,Used,2019.0,1785.88
Asus,4.0,128.0,4.18,,Refurbished,2018.0,755.43
,,512.0,3.27,17.0,Used,2023.0,1169.02
Asus,16.0,256.0,2.98,14.0,New,2017.0,1417.12
MSI,32.0,512.0,3.81,17.0,Used,2018.0,1367.48
MSI,,128.0,3.96,16.0,New,2023.0,1956.01
HP,16.0,512.0,2.13,,Refurbished,2019.0,985.57
Lenovo,32.0,256.0,3.49,13.3,Refurbished,2017.0,1438.6
Acer,8.0,256.0,2.04,14.0,Used,2024.0,998.26
Dell,16.0,512.0,2.48,17.0,Used,2021.0,1133.36
Lenovo,,2048.0,2.4,13.3,Refurbished,2024.0,1622.86
Dell,16.0,128.0,2.18,14.0,Used,2023.0,835.72
Apple,16.0,512.0,3.39,13.3,Refurbished,2021.0,2147.06
MSI,32.0,512.0,3.24,17.0,New,2022.0,1958.76
Acer,8.0,512.0,2.65,17.0,Refurbished,2017.0,918.12
Samsung,16.0,512.0,4.08,15.6,New,2021.0,1454.67
Apple,8.0,256.0,2.97,16.0,New,2021.0,1565.0
MSI,16.0,256.0,,16.0,Refurbished,2022.0,1118.75
Asus,32.0,512.0,2.63,15.6,New,2023.0,1943.98
Lenovo,8.0,256.0,2.03,17.0,Refurbished,2019.0,816.66
MSI,16.0,,3.34,16.0,New,2024.0,1604.12
MSI,16.0,256.0,2.18,15.6,Used,2018.0,655.86
Asus,8.0,256.0,3.48,17.0,Used,2017.0,744.48
Lenovo,16.0,512.0,2.26,16.0,Used,,860.35
Lenovo,16.0,512.0,2.41,16.0,Used,2020.0,1112.7
Apple,16.0,,2.51,16.0,Used,2018.0,1405.72
Lenovo,8.0,512.0,3.43,15.6,Used,2023.0,933.39
MSI,,512.0,,14.0,Used,2024.0,1214.68
Dell,16.0,1024.0,3.78,15.6,New,2023.0,1616.15
Samsung,,1024.0,4.19,16.0,Used,2022.0,1183.38
Asus,4.0,256.0,2.13,13.3,Used,2022.0,690.43
Dell,,512.0,4.05,,Used,2022.0,2214.67
HP,16.0,2048.0,2.83,17.0,New,2020.0,2028.75
Acer,8.0,512.0,,16.0,Used,2023.0,1121.83
Acer,8.0,512.0,2.97,16.0,New,2024.0,1347.55
MSI,8.0,512.0,2.3,13.3,New,2018.0,1025.61
HP,8.0,256.0,2.28,17.0,Used,2020.0,608.16
Dell,16.0,512.0,,14.0,Refurbished,2019.0,1046.92
,16.0,128.0,,13.3,New,2020.0,1771.95
Asus,8.0,256.0,2.95,16.0,,2023.0,1013.02
Acer,8.0,512.0,4.01,16.0,Used,2021.0,1045.54
MSI,32.0,256.0,3.93,14.0,New,2022.0,2016.27
Lenovo,16.0,512.0,4.06,13.3,Refurbished,2018.0,1247.08
,16.0,512.0,2.75,17.0,New,2021.0,1333.81
MSI,16.0,128.0,2.26,14.0,,2019.0,783.02
,8.0,256.0,2.97,15.6,New,2019.0,1083.9
Dell,16.0,128.0,2.48,14.0,Used,2017.0,887.85
Asus,8.0,2048.0,3.19,,Used,,1443.26
Asus,32.0,1024.0,3.73,17.0,Used,2018.0,1687.08
Lenovo,16.0,128.0,2.97,15.6,New,2020.0,1300.19
Apple,8.0,512.0,3.06,14.0,New,2020.0,1512.25
Lenovo,4.0,128.0,3.26,17.0,Refurbished,2017.0,788.83
Dell,32.0,,3.81,13.3,Used,2017.0,1314.95
HP,,1024.0,2.65,13.3,Refurbished,2017.0,1371.97
Dell,4.0,512.0,3.6,13.3,New,2021.0,1194.15
Lenovo,16.0,128.0,2.01,13.3,New,2024.0,1219.14
Samsung,16.0,512.0,2.05,13.3,New,2019.0,901.42
HP,16.0,512.0,2.69,17.0,New,2017.0,1264.18
HP,16.0,512.0,3.05,16.0,New,2018.0,1257.47
MSI,8.0,512.0,4.18,17.0,,2022.0,1025.16
Dell,16.0,512.0,3.35,,,2023.0,1624.28
Apple,8.0,512.0,3.83,15.6,New,2022.0,2084.35
HP,16.0,512.0,3.49,16.0,Refurbished,2024.0,1334.2
Apple,16.0,256.0,2.29,16.0,Used,2022.0,1632.79
Lenovo,16.0,512.0,4.07,14.0,Used,2017.0,932.21
Asus,16.0,512.0,3.25,14.0,New,2023.0,1518.92
HP,4.0,512.0,2.73,17.0,Used,2023.0,879.87
Asus,16.0,512.0,,16.0,New,2021.0,1462.79
HP,8.0,128.0,3.09,13.3,New,2022.0,1060.68
Asus,8.0,256.0,2.28,17.0,Used,2024.0,801.95
Lenovo,32.0,256.0,2.05,16.0,New,2018.0,1458.98
Dell,8.0,512.0,3.78,13.3,Used,2019.0,841.59
Dell,8.0,256.0,2.54,14.0,Used,2021.0,687.51
Acer,16.0,128.0,3.83,15.6,New,2018.0,1346.52
HP,8.0,256.0,3.79,16.0,Used,2017.0,885.78
Asus,16.0,1024.0,2.04,15.6,Used,2021.0,1347.63
HP,32.0,1024.0,2.04,17.0,,2023.0,1377.65
Dell,32.0,128.0,2.51,13.3,,2019.0,1458.54
Asus,8.0,256.0,,16.0,Used,2020.0,766.58
MSI,8.0,256.0,2.46,17.0,Refurbished,2022.0,1038.29
MSI,16.0,2048.0,2.87,13.3,New,2017.0,1812.69
Asus,,512.0,3.6,,New,2018.0,1105.17
Asus,8.0,256.0,,13.3,New,2017.0,774.21
,32.0,1024.0,2.4,16.0,New,2019.0,2859.21
,8.0,256.0,2.7,16.0,Used,2017.0,712.23
MSI,32.0,1024.0,3.73,16.0,,2024.0,2199.88
Acer,16.0,512.0,2.26,14.0,New,2019.0,1227.78
Acer,4.0,256.0,2.19,,Used,2020.0,753.66
MSI,8.0,512.0,3.63,16.0,Used,2019.0,859.41
Acer,8.0,1024.0,4.11,16.0,New,2019.0,1514.24
HP,8.0,512.0,2.68,13.3,Used,2021.0,987.68
Samsung,32.0,512.0,2.23,16.0,Used,2024.0,1308.75
Dell,8.0,256.0,,14.0,New,2022.0,1363.21
Lenovo,16.0,512.0,2.6,15.6,Used,2021.0,1126.79
Samsung,16.0,2048.0,4.01,17.0,Refurbished,2022.0,1812.91
MSI,8.0,256.0,,17.0,New,2024.0,1143.87
,8.0,512.0,2.99,13.3,Used,2021.0,907.15
Apple,8.0,,2.43,14.0,Used,2017.0,1052.98
MSI,16.0,512.0,2.71,13.3,Refurbished,2021.0,1097.41
Asus,32.0,256.0,2.12,13.3,Used,2017.0,1091.45
Acer,32.0,512.0,2.37,15.6,New,2018.0,1521.77
MSI,32.0,256.0,2.26,16.0,New,2019.0,1735.06
Apple,8.0,512.0,4.02,14.0,New,2018.0,1560.46
Samsung,,,3.77,17.0,Used,2019.0,800.41
MSI,16.0,512.0,2.07,14.0,Used,,1101.19
MSI,16.0,2048.0,3.66,14.0,Used,2022.0,1703.5
Asus,16.0,256.0,2.02,16.0,Refurbished,2024.0,1105.4
Lenovo,4.0,1024.0,2.15,13.3,Refurbished,2017.0,917.02
MSI,8.0,256.0,2.97,15.6,Refurbished,2021.0,820.85
Lenovo,,256.0,,14.0,New,2017.0,1219.48
MSI,16.0,256.0,3.4,,New,2018.0,1112.5
Lenovo,16.0,128.0,3.9,17.0,New,2017.0,1309.54
Apple,8.0,512.0,2.47,16.0,Used,2018.0,1126.92
Samsung,32.0,1024.0,3.95,,Used,2020.0,1508.5
Apple,16.0,,3.3,14.0,New,2021.0,1759.3
Dell,16.0,512.0,3.63,16.0,Used,2023.0,1115.72
HP,8.0,256.0,4.09,17.0,Refurbished,2020.0,1058.18
Lenovo,8.0,128.0,2.39,15.6,Refurbished,2021.0,985.29
Samsung,64.0,,3.71,14.0,Used,2019.0,1889.5
MSI,16.0,512.0,3.17,15.6,,2023.0,1035.95
Samsung,32.0,512.0,3.81,16.0,,2020.0,1319.28
Dell,8.0,2048.0,3.45,15.6,Used,2024.0,1582.36
Acer,,256.0,3.03,14.0,Used,2023.0,1572.42
Apple,16.0,256.0,2.44,16.0,New,2023.0,2218.12
Dell,16.0,,2.85,17.0,Used,2022.0,1044.76
Samsung,16.0,,3.87,13.3,New,2024.0,1586.55
Asus,16.0,512.0,3.57,17.0,Used,2023.0,1175.69
Asus,16.0,512.0,2.43,16.0,Refurbished,2018.0,1080.71
Asus,8.0,2048.0,3.62,15.6,New,2021.0,1900.45
MSI,16.0,,3.92,14.0,Refurbished,2017.0,961.8
Dell,8.0,512.0,2.77,14.0,Used,2020.0,939.5
Dell,8.0,256.0,3.6,13.3,Used,2019.0,673.31
Apple,,1024.0,2.87,13.3,New,2022.0,3244.34
Samsung,8.0,512.0,3.02,16.0,New,2017.0,1036.29
Acer,8.0,512.0,,15.6,Refurbished,2021.0,1027.07
HP,64.0,256.0,3.05,16.0,Refurbished,2017.0,1918.23
HP,16.0,512.0,2.94,14.0,New,2023.0,1589.35
MSI,8.0,256.0,2.3,14.0,New,2019.0,946.89
Samsung,16.0,2048.0,3.26,14.0,Refurbished,,1859.05
Acer,16.0,256.0,2.24,16.0,Used,,868.83
Samsung,32.0,256.0,3.91,15.6,New,2023.0,1848.24
Lenovo,16.0,256.0,3.82,17.0,Used,2021.0,1094.58
Samsung,8.0,512.0,3.89,17.0,Used,2022.0,878.6
MSI,16.0,1024.0,3.16,14.0,New,2018.0,1534.3
MSI,16.0,512.0,3.32,17.0,Used,2021.0,1096.53
Acer,32.0,,2.27,16.0,Used,2018.0,1171.14
Lenovo,16.0,512.0,3.08,14.0,New,2021.0,1303.39
Apple,8.0,1024.0,2.41,17.0,New,2021.0,1931.35
Asus,32.0,,2.15,16.0,Refurbished,2023.0,1650.95
Dell,,512.0,2.08,16.0,New,2018.0,1201.61
Samsung,8.0,512.0,2.74,17.0,New,2023.0,1336.88
Samsung,16.0,512.0,3.65,16.0,Used,2024.0,1195.62
Dell,16.0,128.0,3.27,15.6,Used,2017.0,816.5
Apple,8.0,,3.58,13.3,Used,2018.0,1156.49
Apple,8.0,512.0,3.26,17.0,Refurbished,2021.0,1498.02
HP,8.0,2048.0,3.91,14.0,Refurbished,2023.0,1730.52
HP,16.0,512.0,3.06,15.6,New,2017.0,1058.87
Apple,32.0,128.0,3.07,13.3,Used,2018.0,1517.28
Asus,8.0,512.0,2.23,16.0,Refurbished,2020.0,967.6
Apple,16.0,1024.0,3.53,17.0,New,2018.0,2206.25
Samsung,16.0,1024.0,2.35,17.0,Used,2018.0,1107.27
Apple,16.0,256.0,2.68,14.0,Used,2023.0,1626.35
MSI,16.0,256.0,2.82,16.0,New,2018.0,1326.08
Asus,4.0,256.0,3.03,17.0,Used,2023.0,809.55
Samsung,8.0,2048.0,3.84,17.0,New,2020.0,1883.33
Apple,8.0,256.0,2.08,13.3,Used,2022.0,1346.47
Lenovo,8.0,,3.65,14.0,Used,,1167.99
Acer,4.0,256.0,3.38,13.3,Used,2024.0,809.49
Asus,8.0,256.0,2.67,16.0,Refurbished,2024.0,922.25
,,256.0,2.53,17.0,Used,2021.0,855.51
Acer,8.0,256.0,3.66,16.0,Used,2023.0,1028.38
Asus,8.0,256.0,4.03,16.0,New,2018.0,1310.98
Dell,8.0,128.0,,14.0,Used,2018.0,626.39
Dell,8.0,512.0,2.17,15.6,Used,2023.0,919.14
Samsung,16.0,128.0,2.81,15.6,Used,2023.0,994.77
Samsung,16.0,256.0,3.18,17.0,Refurbished,2020.0,1110.03
Acer,64.0,512.0,,13.3,Refurbished,,2131.88
Dell,8.0,128.0,3.6,16.0,New,2023.0,1167.88
Asus,8.0,512.0,3.89,17.0,New,2022.0,1503.36
Apple,,512.0,3.04,13.3,New,2020.0,1964.39
MSI,64.0,512.0,2.39,17.0,Used,,1798.91
Acer,8.0,512.0,3.15,13.3,Used,2023.0,1094.43
Dell,4.0,512.0,2.3,16.0,Used,2022.0,876.93
Lenovo,4.0,512.0,2.02,,Used,2019.0,528.92
,16.0,1024.0,3.73,15.6,Used,2023.0,1589.79
Samsung,64.0,,3.0,13.3,Refurbished,2024.0,2113.76
Dell,8.0,,4.2,15.6,Used,2019.0,865.74
Dell,8.0,512.0,2.79,17.0,New,2020.0,1398.42
Acer,8.0,512.0,4.0,13.3,Used,2019.0,914.44
Lenovo,16.0,512.0,3.34,15.6,Used,2017.0,986.48
Acer,16.0,512.0,4.19,17.0,Refurbished,2023.0,1373.48
Dell,32.0,128.0,2.12,13.3,Refurbished,2020.0,1229.52
Asus,16.0,2048.0,3.34,13.3,Refurbished,2019.0,1655.13
Lenovo,4.0,1024.0,2.06,13.3,Used,2024.0,1005.81
Lenovo,8.0,1024.0,2.52,13.3,Used,2018.0,737.26
MSI,8.0,256.0,2.4,14.0,Used,2024.0,967.08
MSI,32.0,256.0,2.99,14.0,New,2018.0,1616.48
Apple,16.0,256.0,3.91,15.6,Refurbished,2021.0,2132.61
,64.0,256.0,2.71,15.6,New,2023.0,2590.85
MSI,8.0,256.0,2.23,13.3,New,2017.0,863.21
HP,8.0,512.0,4.16,16.0,Used,2017.0,1054.05
MSI,32.0,256.0,3.09,14.0,New,2022.0,1955.99
Acer,32.0,512.0,2.48,14.0,New,2021.0,1644.69
Apple,16.0,256.0,2.56,14.0,New,,1830.74
Lenovo,8.0,,2.48,15.6,New,2022.0,1320.48
Apple,32.0,256.0,2.98,17.0,New,,2429.94
Dell,16.0,1024.0,3.86,15.6,Used,2020.0,1201.04
Samsung,8.0,512.0,4.18,17.0,Used,2020.0,1029.94
Acer,8.0,1024.0,2.65,14.0,Refurbished,2021.0,1150.77
Apple,32.0,128.0,2.23,17.0,Used,2024.0,1627.28
Acer,16.0,256.0,3.04,,Used,2022.0,957.21
MSI,8.0,512.0,3.57,15.6,New,2019.0,1002.17
,8.0,512.0,2.71,14.0,Used,2020.0,814.43
MSI,8.0,512.0,2.36,15.6,Used,2022.0,948.73
Dell,8.0,128.0,3.1,13.3,Used,2022.0,890.87
HP,16.0,128.0,3.41,17.0,Refurbished,2019.0,1111.75
HP,8.0,2048.0,2.48,15.6,Used,2018.0,1084.35
Acer,16.0,256.0,4.0,16.0,Refurbished,2021.0,1313.19
Acer,8.0,128.0,2.57,,Refurbished,2019.0,923.33
Acer,8.0,1024.0,4.13,14.0,Used,2019.0,1025.16
Asus,8.0,256.0,3.02,17.0,Refurbished,2017.0,933.67
Acer,16.0,512.0,3.84,14.0,New,2019.0,1525.88
MSI,,512.0,4.16,13.3,Used,2020.0,1012.55
Lenovo,8.0,128.0,2.14,17.0,Used,2021.0,730.59
Acer,32.0,512.0,2.69,17.0,New,,1984.35
Samsung,8.0,512.0,2.78,17.0,Used,,734.58
Samsung,8.0,512.0,2.23,17.0,New,2023.0,1342.87
MSI,64.0,2048.0,3.09,14.0,Used,2022.0,2709.87
Acer,32.0,1024.0,2.53,17.0,Used,2022.0,1528.47
Asus,8.0,512.0,2.05,16.0,Used,2022.0,696.29
Samsung,16.0,512.0,3.66,16.0,New,2022.0,1462.64
Asus,4.0,512.0,3.85,16.0,New,2023.0,1252.18
Dell,8.0,2048.0,4.13,17.0,Used,,1525.46
Apple,16.0,512.0,3.49,14.0,New,2019.0,1893.05
Dell,32.0,2048.0,3.38,16.0,New,2021.0,2626.15
Lenovo,16.0,256.0,3.71,14.0,Used,2023.0,1159.76
Apple,32.0,256.0,3.41,13.3,Used,2021.0,2112.29
Apple,64.0,256.0,3.74,15.6,New,2024.0,4261.31
Dell,4.0,1024.0,4.15,16.0,Refurbished,2024.0,1356.76
Lenovo,,256.0,2.34,13.3,New,2017.0,969.58
Lenovo,32.0,256.0,2.01,14.0,New,2018.0,1602.82
,16.0,256.0,4.01,13.3,Refurbished,2021.0,1077.44
Apple,16.0,1024.0,3.49,13.3,Used,2019.0,1863.77
Samsung,32.0,256.0,3.26,14.0,Used,2021.0,1204.78
Asus,16.0,128.0,2.52,14.0,New,2017.0,1108.6
HP,16.0,512.0,3.5,17.0,New,,1555.55
Lenovo,32.0,2048.0,2.36,16.0,New,2022.0,2079.49
Lenovo,16.0,,2.29,15.6,Used,2019.0,917.84
HP,,512.0,2.95,16.0,New,2017.0,1021.91
HP,32.0,1024.0,2.38,17.0,New,,1803.14
Dell,,128.0,2.36,13.3,New,2024.0,1090.51
HP,4.0,256.0,3.38,13.3,New,2023.0,1214.91
Lenovo,32.0,256.0,2.1,14.0,Refurbished,2023.0,1307.64
Apple,32.0,2048.0,2.47,,Used,2017.0,2699.84
Acer,64.0,256.0,2.14,13.3,New,2022.0,2443.9
HP,8.0,1024.0,2.83,13.3,New,2022.0,1489.18
Lenovo,8.0,2048.0,3.81,13.3,New,2022.0,1642.18
Dell,16.0,512.0,3.73,14.0,New,2021.0,1715.53
Samsung,64.0,,3.66,15.6,Refurbished,2018.0,2067.46
,32.0,256.0,,14.0,Refurbished,2020.0,1674.49
MSI,32.0,256.0,3.38,16.0,New,2022.0,1640.76
Asus,8.0,256.0,3.62,16.0,Used,2018.0,944.88
Samsung,,1024.0,3.39,15.6,Used,2024.0,1305.69
HP,4.0,256.0,3.58,15.6,,2017.0,865.81
HP,8.0,256.0,2.97,17.0,Used,2018.0,712.56
Asus,8.0,1024.0,3.47,13.3,Used,2018.0,1018.01
Samsung,16.0,512.0,4.02,14.0,Used,,1414.05
HP,16.0,512.0,,17.0,New,2022.0,1459.25
MSI,32.0,512.0,3.98,14.0,Refurbished,2021.0,1628.91
Dell,8.0,256.0,2.11,16.0,Used,2021.0,742.67
,64.0,512.0,2.63,13.3,Used,2018.0,1748.25
MSI,8.0,2048.0,4.12,13.3,Used,2021.0,1388.62
Dell,8.0,256.0,4.17,15.6,Used,2019.0,874.37
MSI,32.0,1024.0,3.4,16.0,New,2017.0,1917.67
HP,8.0,2048.0,3.89,14.0,Refurbished,2018.0,1568.4
Acer,16.0,128.0,2.27,14.0,Refurbished,2022.0,1099.52
,32.0,256.0,,16.0,Used,2021.0,1363.92
Dell,32.0,128.0,4.06,16.0,Used,2018.0,1317.27
Acer,8.0,1024.0,2.4,15.6,New,2024.0,1416.99
MSI,16.0,512.0,2.04,16.0,Used,2019.0,994.75
MSI,16.0,256.0,4.1,17.0,Used,2023.0,1175.86
Asus,4.0,512.0,3.11,14.0,Used,2017.0,739.61
Asus,32.0,512.0,2.35,15.6,Used,,1463.52
Asus,16.0,256.0,2.07,15.6,Used,2020.0,603.63
Acer,32.0,512.0,3.47,14.0,New,2021.0,1886.64
Asus,4.0,2048.0,4.02,16.0,New,2018.0,1755.3
Apple,8.0,512.0,2.51,17.0,New,2017.0,1515.9
HP,32.0,256.0,3.91,14.0,,2023.0,1759.63
HP,16.0,1024.0,3.28,,Used,2017.0,1091.9
MSI,16.0,2048.0,3.18,16.0,Used,2021.0,1258.35
MSI,8.0,128.0,,13.3,New,2021.0,982.45
Acer,16.0,256.0,3.75,17.0,Used,2017.0,930.4
Asus,,512.0,2.38,13.3,New,2024.0,1205.41
Lenovo,16.0,512.0,2.78,13.3,Used,2019.0,850.46
Dell,16.0,256.0,3.61,13.3,Used,2021.0,970.24
Acer,8.0,512.0,2.75,13.3,Refurbished,2021.0,964.91
Acer,8.0,1024.0,2.94,,Refurbished,2018.0,1154.45
Samsung,8.0,512.0,2.18,17.0,Used,2019.0,861.02
HP,8.0,1024.0,3.09,15.6,,2020.0,1175.16
Acer,16.0,128.0,2.25,15.6,New,2019.0,1177.74
Apple,16.0,,3.29,15.6,New,2023.0,2276.35
Asus,16.0,128.0,2.04,16.0,Used,2018.0,599.6
,8.0,1024.0,3.72,14.0,New,2018.0,1668.37
Lenovo,64.0,256.0,3.48,15.6,New,2022.0,2868.44
Dell,16.0,512.0,2.3,17.0,New,2020.0,1328.01
Samsung,8.0,256.0,2.56,13.3,New,2019.0,990.23
Samsung,8.0,256.0,3.95,15.6,Refurbished,,968.78
Asus,8.0,512.0,3.12,16.0,New,2022.0,1359.3
Lenovo,4.0,256.0,2.2,14.0,Refurbished,2023.0,909.55
,16.0,256.0,4.03,16.0,New,2020.0,1422.42
,4.0,1024.0,2.57,14.0,New,2020.0,1344.59
Samsung,16.0,1024.0,,16.0,New,2021.0,1666.12
Samsung,8.0,256.0,2.33,14.0,New,2024.0,1090.9
Apple,32.0,256.0,2.1,,New,2020.0,2355.59
,16.0,1024.0,3.22,14.0,Refurbished,,1270.66
Samsung,8.0,256.0,2.86,17.0,New,2018.0,1205.25
Samsung,8.0,256.0,2.41,13.3,Used,2020.0,773.42
Dell,16.0,256.0,2.74,14.0,Used,2019.0,894.38
Acer,8.0,2048.0,3.85,14.0,New,2022.0,2094.34
Lenovo,8.0,1024.0,4.07,14.0,Refurbished,2018.0,1339.8
Apple,16.0,256.0,2.8,16.0,Used,2021.0,1448.47
Lenovo,16.0,128.0,2.84,17.0,New,2024.0,1385.82
Samsung,16.0,2048.0,3.58,16.0,Used,2019.0,1574.38
Apple,16.0,512.0,2.82,15.6,Used,2023.0,1881.73
Acer,16.0,512.0,2.03,14.0,Used,2020.0,936.51
MSI,8.0,512.0,3.48,,New,2020.0,1295.18
HP,16.0,128.0,3.36,,New,2020.0,1095.73
Dell,8.0,256.0,3.47,13.3,Used,,809.4
Dell,16.0,512.0,3.12,14.0,New,2024.0,1609.47
Samsung,8.0,512.0,3.98,16.0,New,2021.0,1487.31
MSI,8.0,128.0,2.6,15.6,Used,2018.0,810.43
Asus,64.0,256.0,2.02,,Used,2018.0,1543.83
Dell,16.0,1024.0,3.48,16.0,Used,,1066.25
Dell,16.0,512.0,2.57,16.0,,2023.0,1377.32
HP,16.0,256.0,4.06,15.6,Used,2023.0,1152.21
Asus,16.0,1024.0,2.12,17.0,New,2019.0,1726.21
Lenovo,,256.0,3.83,13.3,Used,2017.0,1771.95
Acer,,256.0,3.24,15.6,New,2023.0,1223.36
Samsung,32.0,256.0,3.92,13.3,Used,2024.0,1524.74
Samsung,4.0,256.0,2.66,16.0,New,2020.0,883.04
MSI,8.0,256.0,2.85,13.3,Used,2023.0,826.73
Samsung,8.0,1024.0,2.3,14.0,New,2022.0,1410.82
Samsung,16.0,256.0,3.3,15.6,New,,1143.63
Apple,4.0,512.0,3.46,13.3,Refurbished,2021.0,1217.6
Samsung,8.0,512.0,2.44,17.0,Used,2019.0,843.13
Acer,16.0,128.0,3.21,14.0,New,2018.0,947.91
Acer,16.0,128.0,3.59,15.6,New,2018.0,1143.31
Dell,8.0,512.0,4.09,14.0,Used,2024.0,1104.38
Lenovo,8.0,1024.0,3.6,14.0,Used,2022.0,1088.23
Lenovo,16.0,512.0,3.66,13.3,New,2022.0,1628.26
Lenovo,16.0,,2.02,14.0,,2019.0,996.21
MSI,8.0,256.0,2.14,13.3,New,2021.0,963.18
Dell,8.0,512.0,4.12,13.3,Refurbished,2024.0,1147.28
Lenovo,4.0,512.0,2.63,16.0,Refurbished,2023.0,1057.63
Samsung,16.0,1024.0,3.76,17.0,New,2021.0,1714.42
MSI,16.0,2048.0,,16.0,New,2018.0,1860.64
Asus,64.0,128.0,3.84,17.0,Refurbished,2017.0,2090.82
Acer,8.0,256.0,2.48,13.3,New,2022.0,996.17
HP,16.0,256.0,3.77,17.0,New,2022.0,1474.74
MSI,64.0,512.0,3.48,14.0,Used,2019.0,1968.87
Apple,8.0,,2.06,15.6,Used,2022.0,907.47
Asus,8.0,,,17.0,New,2023.0,1445.62
Acer,16.0,512.0,2.85,13.3,Used,2023.0,1154.08
,16.0,256.0,3.4,,New,2024.0,2429.12
Dell,32.0,1024.0,3.1,13.3,Used,2017.0,1414.57
Asus,8.0,512.0,3.0,15.6,New,2023.0,1019.89
MSI,,256.0,4.03,13.3,Used,2021.0,887.69
Dell,32.0,256.0,3.14,14.0,New,2019.0,1573.21
Lenovo,16.0,256.0,,,Used,2024.0,1044.25
Dell,8.0,512.0,3.6,17.0,Used,2019.0,1046.47
Apple,,128.0,2.76,14.0,Used,2019.0,1094.32
Apple,8.0,512.0,3.15,,New,2017.0,1641.58
Dell,8.0,512.0,2.5,15.6,Used,2019.0,893.5
Samsung,8.0,256.0,3.98,14.0,New,2017.0,1021.89
Samsung,8.0,512.0,3.15,14.0,Used,2017.0,878.02
HP,8.0,1024.0,2.85,17.0,Refurbished,,1451.06
Acer,8.0,1024.0,2.54,16.0,New,2021.0,1328.37
Samsung,16.0,256.0,3.22,13.3,New,2019.0,1253.39
Dell,4.0,,2.77,15.6,New,2018.0,835.73
Lenovo,32.0,256.0,2.62,14.0,Used,2019.0,1302.29
HP,8.0,512.0,3.64,,New,2022.0,1159.76
HP,32.0,512.0,2.59,15.6,Used,2024.0,1424.05
Samsung,16.0,1024.0,3.89,13.3,New,2024.0,1583.77
Acer,8.0,512.0,3.3,15.6,New,2019.0,1354.76
Samsung,4.0,,3.78,16.0,New,2019.0,1806.8
Dell,8.0,256.0,3.46,17.0,Refurbished,2018.0,901.15
Samsung,8.0,256.0,3.25,13.3,Refurbished,2018.0,962.17
Dell,32.0,256.0,3.64,15.6,Used,2017.0,1238.24
MSI,4.0,128.0,2.99,13.3,New,2018.0,711.2
MSI,16.0,128.0,3.32,16.0,New,2023.0,1404.69
HP,64.0,256.0,3.94,14.0,New,2021.0,2679.8
Apple,32.0,128.0,3.33,15.6,New,,2205.26
Dell,16.0,512.0,2.7,17.0,Used,2023.0,1139.74
Dell,32.0,1024.0,3.24,17.0,New,2020.0,1842.56
Samsung,8.0,256.0,4.2,17.0,New,2017.0,1017.81
HP,4.0,256.0,2.48,,Used,2024.0,872.34
HP,32.0,512.0,2.4,13.3,Used,2024.0,1464.23
Dell,16.0,128.0,3.18,14.0,Refurbished,2017.0,1009.08
HP,64.0,2048.0,2.47,14.0,New,2024.0,3351.94
HP,8.0,2048.0,2.64,14.0,New,2021.0,1841.59
Asus,8.0,256.0,,17.0,New,2020.0,1123.01
Asus,16.0,512.0,3.64,,New,2023.0,1404.92
,8.0,1024.0,2.95,13.3,Used,2019.0,798.93
Dell,8.0,512.0,3.62,13.3,Refurbished,2024.0,1061.4
Dell,64.0,128.0,3.17,17.0,New,2018.0,2318.9
Samsung,8.0,256.0,2.94,17.0,New,2018.0,990.57
HP,8.0,512.0,3.55,17.0,Used,2017.0,963.77
HP,8.0,512.0,4.08,15.6,Refurbished,2020.0,1022.4
HP,16.0,512.0,3.05,16.0,New,2018.0,1273.25
Dell,32.0,1024.0,2.01,14.0,Used,2023.0,1560.82
Samsung,16.0,256.0,2.12,13.3,New,,1290.27
Lenovo,8.0,1024.0,2.15,15.6,Refurbished,2021.0,1046.8
Samsung,16.0,512.0,,16.0,Refurbished,2019.0,1016.84
Asus,32.0,1024.0,3.21,17.0,Used,2020.0,1614.47
HP,,128.0,2.94,15.6,New,2017.0,794.18
Asus,4.0,512.0,2.84,17.0,Used,2017.0,709.64
MSI,16.0,512.0,2.3,,Used,2023.0,1081.71
Samsung,16.0,,4.0,16.0,New,2020.0,1448.45
Lenovo,16.0,512.0,4.1,15.6,New,2022.0,1701.71
Lenovo,32.0,1024.0,2.93,13.3,Refurbished,2023.0,1627.62
Acer,16.0,512.0,3.87,16.0,Used,2023.0,1202.09
Acer,32.0,512.0,2.09,14.0,Used,2017.0,1115.67
MSI,4.0,,2.81,17.0,Refurbished,2023.0,1281.64
Dell,8.0,128.0,4.04,14.0,Used,2018.0,776.81
MSI,8.0,512.0,2.86,17.0,Used,2017.0,861.48
Samsung,,512.0,2.0,16.0,Used,2021.0,903.91
MSI,16.0,512.0,2.05,13.3,Refurbished,,969.05
Lenovo,,256.0,3.63,14.0,Refurbished,2017.0,1303.21
MSI,4.0,2048.0,2.84,16.0,New,2017.0,1763.56
HP,8.0,512.0,3.0,15.6,Used,2018.0,795.77
Asus,8.0,512.0,2.33,13.3,Used,2024.0,993.47
Dell,16.0,256.0,2.98,17.0,Used,2019.0,787.73
Acer,8.0,1024.0,2.54,13.3,Used,2017.0,875.73
Samsung,4.0,256.0,2.96,17.0,New,2023.0,986.07
HP,8.0,256.0,,16.0,New,2022.0,957.77
MSI,8.0,1024.0,2.13,,Used,2017.0,771.57
HP,16.0,128.0,3.44,15.6,New,2018.0,931.34
Dell,64.0,512.0,3.66,13.3,New,2020.0,2514.47
Asus,4.0,256.0,,,New,2020.0,967.33
